日期,證券代號,證券名稱,成交股數,成交金額,開盤價,最高價,最低價,收盤價,漲跌價差,成交筆數
1150415,00400A,主動國泰動能高息,70919272.0,821589813.0,11.42,11.67,11.42,11.56,0.27,14076.0
1150415,00401A,主動摩根台灣鑫收,21165549.0,233825210.0,10.96,11.11,10.95,11.03,0.17,2791.0
1150415,0050,元大台灣50,127729350.0,10793181456.0,84.1,85.1,83.8,84.15,1.05,122459.0
1150415,0051,元大中型100,102283.0,12108402.0,118.3,118.85,117.85,118.5,1.25,669.0
1150415,0052,富邦科技,45864087.0,2304704286.0,50.0,50.65,49.8,50.2,0.87,26096.0
1150415,0053,元大電子,24103.0,4616394.0,191.5,192.3,190.5,190.5,2.2,254.0
1150415,0055,元大MSCI金融,429827.0,14303022.0,33.11,33.37,33.11,33.3,0.19,382.0
1150415,0056,元大高股息,81974850.0,3310004758.0,40.22,40.55,40.21,40.25,0.28,40543.0
1150415,0057,富邦摩台,34073.0,8545946.0,250.65,252.25,249.5,249.5,2.9,159.0
1150415,0061,元大寶滬深,248306.0,5997329.0,24.05,24.24,24.05,24.13,0.13,193.0
1150415,006203,元大MSCI台灣,6674.0,1028276.0,153.8,154.6,153.8,154.0,2.7,119.0
1150415,006204,永豐臺灣加權,6001.0,1108543.0,185.65,185.65,184.05,184.1,1.35,108.0
1150415,006205,富邦上証,556748.0,22551599.0,40.2,40.65,40.2,40.38,0.36,406.0
1150415,006206,元大上證50,115884.0,4320623.0,36.87,37.37,36.87,37.27,0.45,143.0
1150415,006207,復華滬深,140602.0,4554102.0,32.26,32.5,32.26,32.33,0.31,69.0
1150415,006208,富邦台50,4846100.0,948057454.0,194.2,197.0,194.0,195.05,3.0,11397.0
1150415,00625K,富邦上証+R,,,,,,,0.0,
1150415,00631L,元大台灣50正2,269676043.0,6887945170.0,25.54,25.84,25.25,25.33,0.5,62709.0
1150415,00632R,元大台灣50反1,106703379.0,1358041873.0,12.76,12.8,12.65,12.78,-0.11,15231.0
1150415,00633L,富邦上証正2,4940028.0,248568401.0,50.05,50.55,50.05,50.2,1.33,860.0
1150415,00634R,富邦上証反1,891921.0,2797689.0,3.17,3.17,3.13,3.15,-0.04,36.0
1150415,00635U,期元大S&P黃金,6762825.0,344438658.0,50.85,51.3,50.75,50.85,0.7,7032.0
1150415,00636,國泰中國A50,1186601.0,33277361.0,27.82,28.13,27.82,28.0,0.33,536.0
1150415,00636K,國泰中國A50+U,300.0,2653.0,8.84,8.85,8.84,8.85,0.02,3.0
1150415,00637L,元大滬深300正2,29168158.0,605592600.0,20.65,20.87,20.65,20.69,0.51,3898.0
1150415,00638R,元大滬深300反1,303262.0,2044877.0,6.8,6.8,6.73,6.76,-0.1,46.0
1150415,00639,富邦深100,911078.0,15193377.0,16.69,16.81,16.57,16.59,0.09,486.0
1150415,00640L,富邦日本正2,454004.0,42650843.0,94.4,94.5,93.5,93.5,0.7,221.0
1150415,00641R,富邦日本反1,1046728.0,4204687.0,4.01,4.04,4.0,4.03,-0.01,77.0
1150415,00642U,期元大S&P石油,21382766.0,569686456.0,26.54,26.9,26.39,26.83,-0.82,7320.0
1150415,00643,群益深証中小,1855717.0,34994186.0,18.98,19.05,18.79,18.85,0.07,322.0
1150415,00643K,群益深証中小+R,,,,,,,0.0,
1150415,00645,富邦日本,282617.0,15026254.0,53.25,53.45,53.0,53.05,0.25,354.0
1150415,00646,元大S&P500,3077985.0,213123096.0,68.9,69.35,68.9,69.25,0.75,3371.0
1150415,00647L,元大S&P500正2,90903.0,10700645.0,117.5,117.9,117.35,117.35,2.35,195.0
1150415,00648R,元大S&P500反1,1242212.0,5324491.0,4.3,4.3,4.28,4.3,-0.04,116.0
1150415,00650L,復華香港正2,5912833.0,105290729.0,17.82,17.91,17.62,17.62,0.38,929.0
1150415,00651R,復華香港反1,858449.0,4436364.0,5.21,5.21,5.15,5.18,-0.09,56.0
1150415,00652,富邦印度,205513.0,6965272.0,33.88,33.95,33.85,33.88,0.11,347.0
1150415,00653L,富邦印度正2,307630.0,14687248.0,47.65,47.98,47.58,47.76,0.45,152.0
1150415,00654R,富邦印度反1,44690.0,300731.0,6.72,6.75,6.72,6.72,-0.06,13.0
1150415,00655L,國泰中國A50正2,1343235.0,47130611.0,34.98,35.25,34.9,34.98,0.9,380.0
1150415,00656R,國泰中國A50反1,55960.0,332931.0,5.96,5.96,5.94,5.95,-0.1,18.0
1150415,00657,國泰日經225,42093.0,2888426.0,68.85,68.85,68.45,68.55,0.5,114.0
1150415,00657K,國泰日經225+U,200.0,4358.0,21.79,21.79,21.79,21.79,0.21,2.0
1150415,00660,元大歐洲50,53780.0,2351880.0,43.77,43.79,43.55,43.55,0.49,120.0
1150415,00661,元大日經225,134769.0,10149107.0,75.3,75.65,75.0,75.2,0.55,263.0
1150415,00662,富邦NASDAQ,6770345.0,711730758.0,105.0,105.25,104.95,104.95,1.45,4639.0
1150415,00663L,國泰臺灣加權正2,9090393.0,665571600.0,72.65,74.05,72.4,72.65,1.45,4443.0
1150415,00664R,國泰臺灣加權反1,37258034.0,76577336.0,2.05,2.07,2.04,2.05,-0.03,1086.0
1150415,00665L,富邦恒生國企正2,21883118.0,220135433.0,10.02,10.13,9.96,9.96,0.24,1984.0
1150415,00666R,富邦恒生國企反1,82340.0,737293.0,8.95,9.0,8.91,9.0,-0.1,29.0
1150415,00668,國泰美國道瓊,27646.0,1547419.0,56.0,56.0,55.9,55.9,0.3,101.0
1150415,00668K,國泰美國道瓊+U,200.0,3546.0,17.73,17.73,17.73,17.73,0.12,2.0
1150415,00669R,國泰美國道瓊反1,629460.0,3563267.0,5.66,5.67,5.65,5.67,-0.04,89.0
1150415,00670L,富邦NASDAQ正2,3411937.0,554519218.0,162.4,162.75,162.0,162.0,4.8,2618.0
1150415,00671R,富邦NASDAQ反1,8994789.0,25040948.0,2.78,2.79,2.78,2.79,-0.05,368.0
1150415,00673R,期元大S&P原油反1,34444778.0,486602992.0,14.12,14.22,13.98,13.98,0.37,3673.0
1150415,00675L,富邦臺灣加權正2,3167863.0,703104407.0,220.2,224.5,219.4,220.3,4.35,2885.0
1150415,00676R,富邦臺灣加權反1,9188215.0,64383711.0,7.02,7.05,6.97,7.05,-0.05,744.0
1150415,00678,群益那斯達克生技,301592.0,11063006.0,36.04,36.75,36.04,36.67,0.65,138.0
1150415,00680L,元大美債20正2,19131776.0,137435386.0,7.17,7.19,7.17,7.18,0.05,869.0
1150415,00681R,元大美債20反1,3270.0,67885.0,20.78,20.78,20.74,20.74,-0.04,4.0
1150415,00682U,期元大美元指數,2012.0,40621.0,20.18,20.2,20.18,20.2,-0.03,4.0
1150415,00683L,期元大美元指正2,91198.0,1887426.0,20.79,20.79,20.68,20.74,-0.12,19.0
1150415,00684R,期元大美元指反1,116000.0,1791600.0,15.44,15.48,15.42,15.42,0.02,8.0
1150415,00685L,群益臺灣加權正2,999218.0,199642792.0,198.45,202.4,197.8,198.6,4.0,1295.0
1150415,00686R,群益臺灣加權反1,7040757.0,8851009.0,1.27,1.27,1.25,1.27,0.0,253.0
1150415,00688L,國泰20年美債正2,13879279.0,99493491.0,7.15,7.18,7.15,7.17,0.05,492.0
1150415,00689R,國泰20年美債反1,51158.0,1105535.0,21.61,21.61,21.61,21.61,-0.11,5.0
1150415,00690,兆豐藍籌30,663516.0,39352378.0,58.4,59.65,58.4,59.25,1.4,435.0
1150415,00692,富邦公司治理,3379377.0,250076824.0,73.35,74.5,73.35,73.7,1.05,3465.0
1150415,00693U,期街口S&P黃豆,1269670.0,27751830.0,21.85,21.89,21.81,21.87,-0.04,309.0
1150415,00700,富邦恒生國企,321553.0,5704789.0,17.63,17.81,17.63,17.65,0.21,225.0
1150415,00701,國泰股利精選30,1473492.0,43457352.0,29.34,29.56,29.34,29.41,0.11,726.0
1150415,00702,國泰標普低波高息,115470.0,2739955.0,23.74,23.74,23.73,23.74,-0.03,108.0
1150415,00703,台新MSCI中國,118719.0,2433269.0,20.9,20.9,20.4,20.52,0.13,24.0
1150415,00706L,期元大S&P日圓正2,1076756.0,20954172.0,19.5,19.5,19.44,19.47,0.04,210.0
1150415,00707R,期元大S&P日圓反1,,,,,,,0.0,
1150415,00708L,期元大S&P黃金正2,6093322.0,635557418.0,104.15,105.85,103.5,103.9,2.5,3640.0
1150415,00709,富邦歐洲,48627.0,1876948.0,38.83,38.83,38.44,38.62,0.22,196.0
1150415,00710B,復華彭博非投等債,47284.0,894545.0,18.92,18.93,18.9,18.91,0.0,38.0
1150415,00711B,復華彭博新興債,92404.0,1494223.0,16.17,16.19,16.17,16.18,0.08,13.0
1150415,00712,復華富時不動產,32841544.0,295546981.0,8.97,9.02,8.97,8.98,0.05,5050.0
1150415,00713,元大台灣高息低波,18331853.0,975301016.0,53.0,53.4,53.0,53.25,0.4,8450.0
1150415,00714,群益道瓊美國地產,135045.0,2872088.0,21.14,21.33,21.14,21.27,0.13,94.0
1150415,00715L,期街口布蘭特正2,28077135.0,1336676731.0,47.34,48.47,47.02,48.46,-1.69,9443.0
1150415,00717,富邦美國特別股,393198.0,5931377.0,15.04,15.13,15.04,15.12,0.1,257.0
1150415,00728,第一金工業30,98173.0,4841019.0,48.58,49.5,48.58,49.33,1.33,285.0
1150415,00730,富邦臺灣優質高息,329175.0,7910020.0,24.0,24.12,23.85,23.85,0.03,461.0
1150415,00731,復華富時高息低波,390283.0,28252629.0,72.55,72.55,72.1,72.1,0.1,246.0
1150415,00733,富邦臺灣中小,1293295.0,79856313.0,61.75,62.1,61.35,61.4,0.25,1256.0
1150415,00735,國泰臺韓科技,2029856.0,156367351.0,76.5,77.45,76.5,76.8,1.95,1966.0
1150415,00736,國泰新興市場,14753.0,437053.0,29.59,29.67,29.59,29.67,0.29,18.0
1150415,00737,國泰AI機器人,209630.0,6997641.0,33.35,33.45,33.31,33.37,0.2,242.0
1150415,00738U,期元大道瓊白銀,12164311.0,791098455.0,64.5,65.75,64.5,64.65,2.1,5896.0
1150415,00739,元大MSCI A股,53354.0,1485885.0,27.75,28.0,27.75,27.83,0.18,145.0
1150415,00752,中信中國50,1751348.0,42817305.0,24.3,24.61,24.3,24.37,0.39,673.0
1150415,00753L,中信中國50正2,19941757.0,216780971.0,10.83,10.99,10.79,10.79,0.34,2580.0
1150415,00757,統一FANG+,3971803.0,464090526.0,116.55,117.0,116.55,116.8,3.45,6559.0
1150415,00762,元大全球AI,494110.0,44605002.0,90.25,90.5,90.15,90.15,1.65,832.0
1150415,00763U,期街口道瓊銅,2701175.0,89362895.0,33.04,33.27,32.96,33.01,0.51,1206.0
1150415,00770,國泰北美科技,939231.0,51633823.0,55.0,55.05,54.9,54.9,0.7,959.0
1150415,00771,元大US高息特別股,7653.0,123184.0,16.02,16.15,16.02,16.14,0.13,20.0
1150415,00775B,新光投等債15+,1059.0,34679.0,32.75,32.75,32.75,32.75,0.11,3.0
1150415,00783,富邦中証500,34932.0,1003561.0,28.77,28.77,28.62,28.62,0.01,138.0
1150415,00830,國泰費城半導體,13881317.0,896799068.0,64.55,64.75,64.45,64.45,0.85,10675.0
1150415,00850,元大臺灣ESG永續,1185585.0,82766802.0,69.25,70.15,69.25,69.45,1.1,1387.0
1150415,00851,台新全球AI,32260.0,1908272.0,59.05,59.45,59.05,59.05,1.25,141.0
1150415,00852L,國泰美國道瓊正2,564462.0,17108800.0,30.24,30.33,30.24,30.24,0.31,116.0
1150415,00861,元大全球未來通訊,143743.0,10367690.0,71.6,72.2,71.6,72.05,1.0,950.0
1150415,00865B,國泰US短期公債,8244240.0,393175380.0,47.9,47.9,47.61,47.75,-0.2,1871.0
1150415,00875,國泰網路資安,57435.0,2162192.0,37.6,37.72,37.43,37.67,0.03,157.0
1150415,00876,元大全球5G,708967.0,50845115.0,71.3,71.95,71.25,71.6,1.1,1063.0
1150415,00878,國泰永續高股息,90950761.0,2133885325.0,23.39,23.56,23.34,23.39,0.19,33842.0
1150415,00881,國泰台灣科技龍頭,11297068.0,476557531.0,41.91,42.53,41.82,41.99,0.79,7629.0
1150415,00882,中信中國高股息,6474315.0,102758884.0,15.9,16.0,15.8,15.82,-0.02,1768.0
1150415,00885,富邦越南,6887883.0,126215039.0,18.22,18.38,18.21,18.33,0.23,1762.0
1150415,00891,中信關鍵半導體,12610258.0,345890300.0,27.29,27.55,27.23,27.31,0.52,5832.0
1150415,00892,富邦台灣半導體,2213588.0,76127467.0,34.31,34.61,34.17,34.4,0.97,1454.0
1150415,00893,國泰智能電動車,2096715.0,76843796.0,36.48,36.73,36.45,36.6,0.61,1078.0
1150415,00894,中信小資高價30,3699463.0,147864033.0,39.5,40.24,39.5,39.8,0.9,1687.0
1150415,00895,富邦未來車,1236424.0,52852815.0,42.62,42.81,42.58,42.7,0.9,670.0
1150415,00896,中信綠能及電動車,4460362.0,103409092.0,22.88,23.27,22.88,23.09,0.36,1185.0
1150415,00897,富邦基因免疫生技,2497829.0,25443553.0,10.18,10.2,10.17,10.18,0.22,563.0
1150415,00898,國泰基因免疫革命,2094636.0,17609189.0,8.36,8.43,8.36,8.42,0.21,492.0
1150415,00899,FT潔淨能源,225004.0,5571075.0,24.82,24.82,24.73,24.79,0.48,479.0
1150415,00900,富邦特選高股息30,18278651.0,272935555.0,14.92,14.97,14.86,14.86,0.09,3981.0
1150415,00901,永豐智能車供應鏈,405260.0,13685498.0,33.48,33.98,33.47,33.52,0.63,300.0
1150415,00902,中信電池及儲能,7518622.0,114799015.0,15.22,15.36,15.15,15.17,0.08,1338.0
1150415,00903,富邦元宇宙,557433.0,9507637.0,17.01,17.09,17.01,17.03,0.39,261.0
1150415,00904,新光臺灣半導體30,6370328.0,204985659.0,32.09,32.35,32.01,32.01,0.46,2166.0
1150415,00905,FT臺灣Smart,2895169.0,63472563.0,21.74,22.04,21.74,21.84,0.34,1609.0
1150415,00907,永豐優息存股,972541.0,14426427.0,14.87,14.87,14.81,14.82,0.02,499.0
1150415,00908,富邦入息REITs+,177772.0,2512856.0,14.12,14.14,14.12,14.14,0.14,106.0
1150415,00909,國泰數位支付服務,6139995.0,266636359.0,43.31,43.48,43.31,43.41,1.51,4927.0
1150415,00910,第一金太空衛星,2751073.0,186284158.0,67.7,67.9,67.55,67.65,-0.6,4414.0
1150415,00911,兆豐洲際半導體,658324.0,27554409.0,42.07,42.2,41.68,41.87,0.75,1914.0
1150415,00912,中信臺灣智慧50,1290365.0,35443260.0,27.2,27.66,27.16,27.35,0.36,636.0
1150415,00913,兆豐台灣晶圓製造,1112713.0,38117661.0,34.0,34.45,34.0,34.19,0.86,317.0
1150415,00915,凱基優選高股息30,11025100.0,264365308.0,23.9,24.07,23.89,23.99,0.18,3416.0
1150415,00916,國泰全球品牌50,562619.0,14811286.0,26.2,26.38,26.2,26.31,0.34,430.0
1150415,00917,中信特選金融,1021494.0,22076926.0,21.58,21.66,21.58,21.63,0.05,547.0
1150415,00918,大華優利高填息30,34532208.0,793265266.0,22.97,23.02,22.88,22.92,0.12,7939.0
1150415,00919,群益台灣精選高息,118944838.0,2734480673.0,22.96,23.04,22.94,22.97,0.06,43518.0
1150415,00920,富邦ESG綠色電力,440113.0,10445208.0,23.65,23.78,23.65,23.73,0.28,1428.0
1150415,00921,兆豐龍頭等權重,1756343.0,35102707.0,19.82,20.05,19.82,19.92,0.29,608.0
1150415,00922,國泰台灣領袖50,35336658.0,1106868326.0,31.05,31.52,31.05,31.2,0.5,10625.0
1150415,00923,群益台ESG低碳50,17003309.0,550632572.0,32.12,32.6,32.12,32.25,0.54,4080.0
1150415,00924,復華S&P500成長,4489603.0,132236121.0,29.42,29.48,29.42,29.45,0.56,2817.0
1150415,00926,凱基全球菁英55,1470032.0,35017801.0,23.76,23.85,23.76,23.8,0.28,515.0
1150415,00927,群益半導體收益,46915682.0,1285522385.0,27.26,27.64,27.16,27.24,0.3,12971.0
1150415,00929,復華台灣科技優息,118789105.0,2462018185.0,20.62,20.8,20.6,20.66,0.24,20087.0
1150415,00930,永豐ESG低碳高息,2218653.0,39875663.0,17.94,18.03,17.85,17.85,0.0,587.0
1150415,00932,兆豐永續高息等權,4274633.0,66177664.0,15.47,15.51,15.38,15.42,0.06,1038.0
1150415,00934,中信成長高股息,4912192.0,111208614.0,22.63,22.81,22.48,22.48,0.04,1171.0
1150415,00935,野村臺灣新科技50,6991132.0,304694718.0,43.04,43.95,43.04,43.47,1.12,4002.0
1150415,00936,台新永續高息中小,7374033.0,133927367.0,18.11,18.22,18.07,18.07,0.08,1469.0
1150415,00938,凱基優選30,757281.0,14980461.0,19.7,19.85,19.69,19.74,0.14,187.0
1150415,00939,統一台灣高息動能,14758336.0,240401426.0,16.24,16.36,16.18,16.21,0.04,2605.0
1150415,00940,元大台灣價值高息,359475843.0,3601262008.0,10.01,10.03,9.99,10.02,0.06,35686.0
1150415,00941,中信上游半導體,2759426.0,66253301.0,24.0,24.15,23.96,23.98,0.02,2925.0
1150415,00943,兆豐電子高息等權,368746.0,6162510.0,16.62,16.78,16.6,16.6,0.06,178.0
1150415,00944,野村趨勢動能高息,880691.0,14585349.0,16.54,16.63,16.51,16.55,0.17,346.0
1150415,00945B,凱基美國非投等債,3766105.0,54849693.0,14.56,14.58,14.55,14.57,0.01,608.0
1150415,00946,群益科技高息成長,11809881.0,126872181.0,10.69,10.8,10.69,10.72,0.1,2105.0
1150415,00947,台新臺灣IC設計,3653995.0,95982416.0,26.64,26.66,25.93,25.94,-0.08,1865.0
1150415,00949,復華日本龍頭,946497.0,18541839.0,19.62,19.7,19.55,19.55,-0.04,590.0
1150415,00951,台新日本半導體,6476893.0,98738853.0,15.5,15.5,15.14,15.16,-0.02,1261.0
1150415,00952,凱基台灣AI50,3173410.0,46595877.0,14.64,14.72,14.6,14.6,0.13,701.0
1150415,00953B,群益優選非投等債,32666373.0,315412339.0,9.65,9.67,9.64,9.66,0.02,3804.0
1150415,00954,中信日本半導體,4048363.0,65813468.0,16.43,16.47,16.1,16.15,-0.04,1191.0
1150415,00956,中信日經高股息,377218.0,4687389.0,12.44,12.45,12.41,12.42,0.01,189.0
1150415,00960,野村全球航運龍頭,452249.0,7959406.0,17.69,17.69,17.58,17.6,-0.09,436.0
1150415,00961,FT臺灣永續高息,4735746.0,48279337.0,10.17,10.22,10.16,10.17,0.04,784.0
1150415,00962,台新AI優息動能,865386.0,10154019.0,11.68,11.78,11.68,11.72,0.19,287.0
1150415,00963,中信全球高股息,488253.0,6286354.0,12.89,12.89,12.85,12.87,0.01,245.0
1150415,00964,中信亞太高股息,1998018.0,27794440.0,13.95,13.96,13.87,13.89,0.05,473.0
1150415,00965,元大航太防衛科技,4291620.0,111428533.0,25.9,26.0,25.9,25.91,0.1,2097.0
1150415,00971,野村美國研發龍頭,939311.0,14768482.0,15.72,15.74,15.6,15.72,0.29,424.0
1150415,00972,野村日本動能高息,221595.0,4234123.0,19.0,19.14,19.0,19.13,0.15,73.0
1150415,009800,中信NASDAQ,3079558.0,34938839.0,11.31,11.37,11.31,11.33,0.15,1000.0
1150415,009801,中信美國創新科技,2605347.0,28784812.0,10.96,11.08,10.96,11.04,0.22,600.0
1150415,009802,富邦旗艦50,6451643.0,90490312.0,13.97,14.15,13.94,14.02,0.31,1075.0
1150415,009803,玉山市值動能50,1576615.0,27657855.0,17.31,17.65,17.31,17.45,0.38,650.0
1150415,009804,聯邦台精彩50,4184092.0,78321746.0,18.57,18.85,18.57,18.65,0.29,1150.0
1150415,009805,新光美國電力基建,8248549.0,132746391.0,16.1,16.11,16.07,16.09,0.12,2607.0
1150415,009808,華南永昌優選50,622929.0,15197150.0,24.19,24.54,24.19,24.3,0.37,188.0
1150415,009809,富邦淨零ESG50,305920.0,4141989.0,13.4,13.6,13.4,13.48,0.2,118.0
1150415,00980A,主動野村臺灣優選,10732763.0,211204390.0,19.63,19.82,19.55,19.58,0.25,3556.0
1150415,009810,玉山全球藍籌100,191614.0,3661142.0,19.11,19.13,19.08,19.12,0.29,109.0
1150415,009811,統一美國50,8701365.0,102132885.0,11.74,11.75,11.71,11.71,0.16,1585.0
1150415,009812,野村日本東證,1265131.0,14895647.0,11.8,11.85,11.74,11.77,0.04,341.0
1150415,009813,貝萊德標普卓越50,13433735.0,140280332.0,10.43,10.46,10.43,10.43,0.16,1881.0
1150415,009816,凱基台灣TOP50,203432641.0,2419451384.0,11.8,11.97,11.79,11.85,0.18,39788.0
1150415,009817,國泰日本不動產,3382269.0,32290769.0,9.56,9.58,9.52,9.52,-0.01,454.0
1150415,009818,華南永昌NASDAQxT,2549925.0,41275752.0,16.12,16.24,16.11,16.15,0.3,356.0
1150415,00981A,主動統一台股增長,307106280.0,7461999923.0,24.07,24.51,24.01,24.3,0.68,84262.0
1150415,00981T,平衡凱基雙核收息,3475883.0,39984685.0,11.47,11.54,11.46,11.49,0.1,356.0
1150415,00982A,主動群益台灣強棒,33821082.0,638159550.0,18.7,19.0,18.7,18.81,0.31,10167.0
1150415,00982D,主動富邦動態入息,1007554.0,10167316.0,10.08,10.1,10.07,10.09,0.01,217.0
1150415,00982T,平衡兆豐台美動能,2113133.0,25639848.0,12.02,12.17,12.01,12.01,0.13,150.0
1150415,00983A,主動中信ARK創新,4756002.0,53204759.0,11.14,11.21,11.14,11.17,0.3,1451.0
1150415,00983D,主動富邦複合收益,949830.0,9740305.0,10.24,10.28,10.24,10.25,0.02,333.0
1150415,00984A,主動安聯台灣高息,24168496.0,330785751.0,13.68,13.74,13.65,13.65,0.1,6328.0
1150415,00984D,主動聯博全球非投,3849684.0,38680629.0,10.05,10.06,10.04,10.05,0.0,233.0
1150415,00985A,主動野村台灣50,7931602.0,140402470.0,17.66,17.82,17.56,17.62,0.2,2341.0
1150415,00985B,群益ESG投等債0-5,9007221.0,92329961.0,10.25,10.26,10.24,10.25,0.0,1521.0
1150415,00986A,主動台新龍頭成長,805823.0,10514025.0,12.91,13.09,12.91,13.05,0.19,283.0
1150415,00987A,主動台新優勢成長,12841990.0,188483811.0,14.46,14.77,14.44,14.66,0.44,2333.0
1150415,00988A,主動統一全球創新,137498419.0,2153326415.0,15.73,15.91,15.5,15.55,-0.12,37786.0
1150415,00989A,主動摩根美國科技,5186070.0,76549761.0,14.67,14.78,14.67,14.74,0.19,644.0
1150415,00990A,主動元大AI新經濟,41689260.0,609432772.0,14.65,14.74,14.55,14.55,0.05,6815.0
1150415,00991A,主動復華未來50,60513274.0,868490378.0,14.29,14.48,14.22,14.29,0.19,11094.0
1150415,00992A,主動群益科技創新,102778838.0,1583033312.0,15.39,15.54,15.27,15.32,0.22,24234.0
1150415,00993A,主動安聯台灣,26332990.0,309004982.0,11.7,11.82,11.62,11.66,0.08,3963.0
1150415,00994A,主動第一金台股優,16694177.0,246234001.0,14.56,14.87,14.51,14.73,0.45,2737.0
1150415,00995A,主動中信台灣卓越,11276678.0,157420475.0,13.99,14.06,13.84,13.94,0.36,2345.0
1150415,00996A,主動兆豐台灣豐收,13267425.0,148015566.0,11.12,11.25,11.05,11.08,0.1,2580.0
1150415,00997A,主動群益美國增長,135197900.0,1426596040.0,10.64,10.64,10.48,10.49,-0.16,26640.0
1150415,01001T,土銀富邦R1,35000.0,416570.0,11.9,11.92,11.88,11.92,0.01,12.0
1150415,01002T,土銀國泰R1,42035.0,599721.0,14.25,14.3,14.22,14.25,-0.05,18.0
1150415,01004T,土銀富邦R2,11000.0,120430.0,10.95,10.95,10.93,10.93,-0.02,2.0
1150415,01007T,兆豐國泰R2,8000.0,106420.0,13.31,13.31,13.3,13.3,0.0,7.0
1150415,01009T,王道圓滿R1,52000.0,298090.0,5.73,5.75,5.73,5.75,0.02,9.0
1150415,01010T,京城樂富R1,296025.0,2960150.0,9.99,10.0,9.99,10.0,0.0,18.0
1150415,020000,富邦特選蘋果N,,,,,,,0.0,
1150415,020011,統一微波高息20N,,,,,,,0.0,
1150415,020012,富邦行動通訊N,11000.0,217590.0,20.05,20.05,19.68,19.68,0.0,2.0
1150415,02001L,富邦蘋果正二N,46000.0,4029650.0,86.8,88.65,85.0,86.95,3.1,27.0
1150415,02001R,富邦蘋果反一N,8000.0,4870.0,0.61,0.61,0.6,0.61,0.0,4.0
1150415,020020,元大台股領航N,13000.0,255580.0,19.55,19.69,19.55,19.68,0.44,6.0
1150415,020028,元大特選電動車N,20000.0,336020.0,16.65,16.88,16.65,16.71,0.31,9.0
1150415,020029,元大ESG高股息N,25000.0,266810.0,10.63,10.7,10.63,10.69,0.26,7.0
1150415,020030,統一智慧電動車N,5000.0,66340.0,13.06,13.45,13.06,13.38,0.33,4.0
1150415,020031,統一IC設計臺灣N,14000.0,103660.0,7.4,7.41,7.4,7.41,0.15,9.0
1150415,020032,元大綠能N,30000.0,298920.0,9.99,9.99,9.96,9.98,0.23,5.0
1150415,020034,元大IC設計N,17000.0,168690.0,9.9,9.97,9.9,9.97,0.3,6.0
1150415,020036,元大金融配息N,,,,,,,0.0,
1150415,020037,元大金融高股息N,32000.0,272960.0,8.53,8.53,8.53,8.53,0.0,2.0
1150415,020038,元大ESG配息N,69000.0,565390.0,8.16,8.25,8.16,8.19,0.11,7.0
1150415,020039,元大加權N,35000.0,405970.0,11.48,11.67,11.48,11.6,0.12,10.0
1150415,1101,台泥,33620859.0,835591211.0,25.4,25.45,24.55,24.6,-0.7,14412.0
1150415,1101B,台泥乙特,147609.0,6730990.0,45.65,45.65,45.6,45.6,0.0,20.0
1150415,1102,亞泥,9018369.0,318434662.0,35.55,35.6,35.15,35.35,-0.2,4120.0
1150415,1103,嘉泥,243202.0,3378491.0,13.9,14.0,13.8,13.85,-0.05,227.0
1150415,1104,環泥,815715.0,24025517.0,29.15,29.75,29.15,29.3,0.2,381.0
1150415,1108,幸福,218619.0,3249940.0,14.85,14.95,14.8,14.8,-0.05,144.0
1150415,1109,信大,148233.0,2295484.0,15.45,15.6,15.4,15.5,0.05,189.0
1150415,1110,東泥,184542.0,2874955.0,15.55,15.75,15.45,15.7,0.25,156.0
1150415,1201,味全,548711.0,7318983.0,13.35,13.4,13.25,13.35,0.0,397.0
1150415,1203,味王,58645.0,2463025.0,41.85,42.1,41.85,42.1,0.25,179.0
1150415,1210,大成,2400956.0,131136352.0,54.2,54.9,54.2,54.8,0.6,2016.0
1150415,1213,大飲,13166.0,123429.0,9.3,9.46,9.29,9.29,-0.18,11.0
1150415,1215,卜蜂,1032571.0,147939002.0,144.5,144.5,142.5,143.0,-1.5,1180.0
1150415,1216,統一,11845193.0,858121391.0,72.5,72.8,72.1,72.6,0.5,6724.0
1150415,1217,愛之味,559110.0,5773256.0,10.3,10.4,10.3,10.35,0.05,505.0
1150415,1218,泰山,1394643.0,26726498.0,19.3,19.35,19.0,19.15,-0.15,741.0
1150415,1219,福壽,1315594.0,18856443.0,14.3,14.6,14.15,14.6,0.25,575.0
1150415,1220,台榮,208812.0,2632921.0,12.6,12.8,12.5,12.65,0.0,398.0
1150415,1225,福懋油,270809.0,9197983.0,34.55,34.55,33.6,33.7,-0.55,474.0
1150415,1227,佳格,789099.0,23622404.0,30.0,30.1,29.85,29.85,-0.15,742.0
1150415,1229,聯華,2504135.0,109942949.0,44.0,44.2,43.7,43.75,-0.25,3094.0
1150415,1231,聯華食,233825.0,21019243.0,90.0,90.3,89.4,89.6,0.1,479.0
1150415,1232,大統益,78421.0,11763279.0,149.5,150.5,149.5,150.5,1.0,161.0
1150415,1233,天仁,13101.0,387472.0,29.65,29.65,29.5,29.5,-0.05,25.0
1150415,1234,黑松,134947.0,4860936.0,36.0,36.1,35.9,36.1,0.25,147.0
1150415,1235,興泰,201822.0,8575357.0,43.95,44.85,40.2,43.15,-1.35,113.0
1150415,1236,宏亞,88598.0,2348499.0,26.7,27.3,26.25,26.85,0.4,239.0
1150415,1256,鮮活果汁-KY,61471.0,9420766.0,153.0,156.0,151.0,151.0,-1.0,138.0
1150415,1301,台塑,45995685.0,2427573452.0,54.3,54.4,51.9,52.3,-2.0,31960.0
1150415,1303,南亞,130802962.0,11690196131.0,90.8,91.9,86.8,88.5,-0.5,89071.0
1150415,1304,台聚,20417746.0,316550339.0,16.2,16.2,15.15,15.35,-0.9,7973.0
1150415,1305,華夏,11130751.0,190966223.0,17.55,17.7,16.9,17.0,-0.65,4337.0
1150415,1307,三芳,625165.0,20090969.0,32.45,32.45,32.0,32.0,-0.25,444.0
1150415,1308,亞聚,9079166.0,146163827.0,16.65,16.65,15.8,15.95,-0.75,3974.0
1150415,1309,台達化,17272242.0,371462865.0,22.5,22.5,21.05,21.25,-1.3,8166.0
1150415,1310,台苯,9901770.0,103308551.0,10.85,10.85,10.25,10.35,-0.5,3312.0
1150415,1312,國喬,45389408.0,668094675.0,15.25,15.45,14.25,14.45,-0.4,14612.0
1150415,1312A,國喬特,25000.0,584300.0,23.45,23.5,23.3,23.3,-0.5,9.0
1150415,1313,聯成,9035110.0,115532387.0,13.1,13.25,12.55,12.65,-0.55,3263.0
1150415,1314,中石化,29043771.0,224195028.0,7.92,7.92,7.67,7.73,-0.12,9008.0
1150415,1315,達新,21024.0,1355513.0,64.5,64.9,64.2,64.2,-0.3,84.0
1150415,1316,上曜,1387470.0,16871232.0,12.15,12.25,12.1,12.2,0.15,759.0
1150415,1319,東陽,3071774.0,241494582.0,78.6,79.5,77.6,78.6,1.5,2748.0
1150415,1321,大洋,146026.0,4828312.0,33.15,33.3,32.85,33.1,-0.05,91.0
1150415,1323,永裕,197979.0,4236127.0,21.9,21.9,21.2,21.4,-0.4,257.0
1150415,1324,地球,199870.0,2266141.0,11.6,11.6,11.2,11.2,-0.4,221.0
1150415,1325,恆大,179170.0,4791029.0,26.55,27.0,26.5,26.95,0.45,230.0
1150415,1326,台化,84083454.0,4289902282.0,55.0,55.0,49.6,50.4,-4.2,62294.0
1150415,1337,再生-KY,1522973.0,8636378.0,5.8,5.8,5.64,5.7,-0.08,443.0
1150415,1338,廣華-KY,145650.0,2393011.0,16.35,16.65,16.3,16.35,-0.15,132.0
1150415,1339,昭輝,105886.0,4253382.0,40.85,40.85,40.0,40.35,-0.15,137.0
1150415,1340,勝悅-KY,180987.0,1166319.0,6.49,6.49,6.41,6.46,-0.02,212.0
1150415,1341,富林-KY,8021.0,486282.0,60.7,60.7,60.6,60.6,0.8,14.0
1150415,1342,八貫,220154.0,19519208.0,89.2,89.7,88.2,88.2,-1.0,407.0
1150415,1402,遠東新,17199458.0,453051588.0,26.45,26.55,26.2,26.5,0.1,6774.0
1150415,1409,新纖,9040749.0,152030397.0,17.3,17.3,16.6,16.65,-0.55,3373.0
1150415,1410,南染,86657.0,2708732.0,31.1,32.0,30.95,31.95,0.75,119.0
1150415,1413,宏洲,14232.0,138650.0,9.81,9.85,9.75,9.83,0.02,51.0
1150415,1414,東和,384390.0,6466543.0,16.8,16.95,16.7,16.95,0.25,334.0
1150415,1416,廣豐,225580.0,2619205.0,11.55,11.7,11.55,11.65,0.1,175.0
1150415,1417,嘉裕,242832.0,2191169.0,9.09,9.1,8.98,9.05,0.02,185.0
1150415,1418,東華,12954.0,239255.0,18.65,18.7,18.35,18.45,-0.2,37.0
1150415,1419,新紡,95687.0,6083187.0,63.3,64.0,63.0,63.8,0.6,458.0
1150415,1423,利華,108047.0,4364301.0,41.15,41.15,40.1,40.15,-0.15,98.0
1150415,1432,大魯閣,309054.0,5296193.0,17.1,17.25,17.1,17.1,-0.05,566.0
1150415,1434,福懋,2532187.0,42564400.0,17.15,17.15,16.7,16.75,-0.3,1279.0
1150415,1435,中福,163.0,2230.0,,,,,0.0,14.0
1150415,1436,華友聯,153810.0,8150238.0,52.5,53.4,52.5,53.3,0.6,228.0
1150415,1437,勤益控,89900.0,2743103.0,30.65,30.65,30.2,30.55,-0.1,85.0
1150415,1438,三地開發,21709.0,627582.0,29.4,29.4,28.65,29.15,0.45,54.0
1150415,1439,雋揚,49051.0,1346147.0,27.6,28.0,27.0,28.0,0.6,49.0
1150415,1440,南紡,2030248.0,27568120.0,13.75,13.8,13.45,13.65,-0.1,917.0
1150415,1441,大東,76891.0,750848.0,9.8,9.88,9.71,9.82,0.06,205.0
1150415,1442,名軒,843123.0,22869188.0,26.25,27.5,26.25,27.2,1.1,626.0
1150415,1443,立益物流,72049.0,1690942.0,23.2,23.75,23.05,23.75,0.5,70.0
1150415,1444,力麗,1312442.0,8694728.0,6.76,6.8,6.46,6.63,-0.09,816.0
1150415,1445,大宇,176320.0,2273784.0,12.75,13.05,12.65,13.05,0.35,97.0
1150415,1446,宏和,132980.0,2182780.0,16.3,16.5,16.3,16.4,0.1,105.0
1150415,1447,力鵬,1393088.0,7370638.0,5.35,5.35,5.25,5.27,-0.03,470.0
1150415,1449,佳和,2960840.0,43639134.0,14.5,15.05,14.35,14.7,0.2,1758.0
1150415,1451,年興,343095.0,6398343.0,18.6,18.75,18.55,18.65,0.0,275.0
1150415,1452,宏益,77386.0,921115.0,12.05,12.05,11.8,11.85,-0.15,100.0
1150415,1453,大將,111801.0,1375823.0,12.2,12.45,12.2,12.2,0.0,127.0
1150415,1454,台富,26476.0,340722.0,12.9,12.9,12.75,12.85,0.0,87.0
1150415,1455,集盛,1246883.0,10903863.0,8.75,8.92,8.68,8.74,0.04,522.0
1150415,1456,怡華,60125.0,880464.0,14.65,14.95,14.45,14.6,0.1,59.0
1150415,1457,宜進,120828.0,1808208.0,14.85,15.05,14.85,15.0,0.15,138.0
1150415,1459,聯發,93947.0,1101491.0,11.75,11.8,11.65,11.65,-0.05,124.0
1150415,1460,宏遠,496604.0,3474236.0,7.0,7.04,6.97,7.01,-0.01,241.0
1150415,1463,強盛新,62684.0,1127320.0,17.9,18.1,17.8,17.95,-0.05,97.0
1150415,1464,得力,242026.0,2521274.0,10.45,10.5,10.4,10.4,-0.05,297.0
1150415,1465,偉全,117561.0,1508138.0,12.75,12.95,12.7,12.95,0.2,182.0
1150415,1466,聚隆,152151.0,2495820.0,16.45,16.55,16.25,16.45,-0.05,113.0
1150415,1467,南緯,141185.0,998977.0,7.1,7.11,7.04,7.07,0.01,128.0
1150415,1468,昶和,195046.0,2362687.0,12.65,12.75,11.4,12.6,-0.05,126.0
1150415,1470,大統新創,22000.0,507900.0,23.2,23.95,22.75,22.75,0.05,14.0
1150415,1471,首利,696623.0,8353952.0,11.95,12.2,11.85,11.9,-0.05,452.0
1150415,1472,三洋實業,27002.0,2572392.0,95.5,96.4,94.9,95.4,0.0,20.0
1150415,1473,台南,63868.0,1511281.0,23.55,23.8,23.45,23.6,0.15,125.0
1150415,1474,弘裕,74998.0,776037.0,10.4,10.4,10.3,10.4,0.0,77.0
1150415,1475,業旺,92378.0,2634487.0,28.8,28.9,28.35,28.75,0.0,88.0
1150415,1476,儒鴻,2072074.0,702067484.0,347.0,347.0,333.5,340.5,-1.5,2231.0
1150415,1477,聚陽,1341272.0,288202889.0,216.5,218.0,213.5,215.0,-1.5,1986.0
1150415,1503,士電,2567657.0,504294560.0,196.5,200.0,193.5,194.0,0.5,3909.0
1150415,1504,東元,11857907.0,738729443.0,63.0,63.0,61.8,62.2,0.5,7474.0
1150415,1506,正道,236628.0,2642210.0,11.4,11.4,11.0,11.25,-0.1,128.0
1150415,1512,瑞利,132162.0,971865.0,7.23,7.46,7.2,7.39,0.16,269.0
1150415,1513,中興電,4360885.0,665247433.0,153.0,155.0,150.5,150.5,-1.0,4687.0
1150415,1514,亞力,4791420.0,531693563.0,109.0,113.0,109.0,109.0,1.5,4531.0
1150415,1515,力山,562310.0,13022254.0,23.9,23.9,22.75,23.0,0.25,348.0
1150415,1516,川飛,21369.0,429145.0,19.9,20.5,19.9,19.9,0.0,187.0
1150415,1517,利奇,418003.0,4648725.0,11.4,11.4,11.0,11.2,-0.05,408.0
1150415,1519,華城,5262748.0,4625357978.0,860.0,896.0,856.0,877.0,47.0,12654.0
1150415,1521,大億,28010.0,701970.0,25.3,25.3,24.85,25.0,0.0,42.0
1150415,1522,堤維西,773213.0,25464359.0,32.9,33.1,32.75,32.8,0.15,701.0
1150415,1522A,堤維西甲特,5000.0,253300.0,50.7,50.7,50.6,50.6,0.0,5.0
1150415,1524,耿鼎,1776196.0,54569044.0,31.0,31.05,30.55,30.6,-0.25,1264.0
1150415,1525,江申,32242.0,1977227.0,61.4,61.7,61.0,61.0,-0.2,42.0
1150415,1526,日馳,224588.0,3762189.0,16.5,16.95,16.4,16.8,0.35,331.0
1150415,1527,鑽全,170795.0,5605806.0,32.95,33.0,32.7,32.85,-0.25,467.0
1150415,1528,恩德,43735980.0,1293096262.0,27.85,30.35,27.6,30.35,2.75,18128.0
1150415,1529,樂事綠能,636565.0,15253860.0,23.5,24.2,23.5,23.9,0.45,561.0
1150415,1530,亞崴,60469.0,1638241.0,27.0,27.3,26.9,27.3,0.5,84.0
1150415,1531,高林股,100266.0,1332628.0,13.3,13.35,13.2,13.3,0.05,97.0
1150415,1532,勤美,870579.0,19075132.0,21.95,22.1,21.8,21.8,-0.15,488.0
1150415,1533,車王電,114726.0,3549895.0,31.0,31.1,30.8,30.95,0.05,96.0
1150415,1535,中宇,86700.0,4506646.0,52.0,52.5,51.7,51.8,-0.2,98.0
1150415,1536,和大,2896186.0,149335767.0,52.0,52.9,50.6,51.0,-0.2,2258.0
1150415,1537,廣隆,68420.0,8486337.0,124.0,124.5,124.0,124.0,0.0,194.0
1150415,1538,正峰,13579.0,172588.0,12.65,13.75,12.65,12.65,0.0,22.0
1150415,1539,巨庭,62153.0,1019129.0,16.4,16.45,16.3,16.4,0.05,47.0
1150415,1540,喬福,369448.0,8202125.0,22.6,22.6,22.0,22.0,-0.1,340.0
1150415,1541,錩泰,80012.0,2029503.0,25.25,25.7,25.05,25.65,0.65,74.0
1150415,1558,伸興,21420.0,1992831.0,93.2,93.2,92.7,93.0,0.3,262.0
1150415,1560,中砂,3209230.0,1675665457.0,513.0,530.0,513.0,521.0,18.0,4960.0
1150415,1563,巧新,667008.0,28489702.0,43.15,43.5,42.0,42.45,-0.75,479.0
1150415,1568,倉佑,437737.0,11139871.0,25.45,25.75,25.2,25.35,0.2,344.0
1150415,1582,信錦,5211734.0,536934153.0,103.0,106.0,101.5,102.0,-0.5,4167.0
1150415,1583,程泰,33330.0,1544013.0,47.25,47.25,45.75,46.3,0.55,43.0
1150415,1587,吉茂,339163.0,11741769.0,34.75,35.05,34.4,34.9,0.15,312.0
1150415,1590,亞德客-KY,1148433.0,1344436855.0,1125.0,1210.0,1115.0,1185.0,70.0,1861.0
1150415,1597,直得,11545143.0,1310188508.0,116.5,119.0,109.0,115.5,-4.0,8317.0
1150415,1598,岱宇,221892.0,4409295.0,20.05,20.05,19.75,19.95,-0.1,164.0
1150415,1603,華電,325030.0,10655750.0,32.85,32.9,32.7,32.75,0.1,248.0
1150415,1604,聲寶,1965851.0,49696382.0,25.4,25.4,25.2,25.35,0.05,1972.0
1150415,1605,華新,33145925.0,1084865157.0,32.75,33.4,32.2,32.4,0.2,13699.0
1150415,1608,華榮,1978193.0,65961693.0,33.15,33.55,33.1,33.35,0.45,1181.0
1150415,1609,大亞,3061822.0,104953740.0,34.0,34.6,34.0,34.0,0.0,2251.0
1150415,1611,中電,664399.0,8175889.0,12.4,12.4,12.2,12.3,-0.05,439.0
1150415,1612,宏泰,685041.0,24226482.0,35.5,35.55,35.1,35.4,0.0,556.0
1150415,1614,三洋電,67916.0,2176908.0,31.85,32.2,31.85,32.2,0.1,88.0
1150415,1615,大山,182873.0,8556797.0,47.0,47.35,46.4,46.65,-0.3,172.0
1150415,1616,億泰,377770.0,8899152.0,23.7,23.7,23.35,23.6,0.1,281.0
1150415,1617,榮星,183886.0,2843402.0,15.4,15.55,15.25,15.55,0.15,191.0
1150415,1618,合機,494677.0,19392521.0,38.9,39.4,38.9,39.05,0.25,455.0
1150415,1623,大東電,146958.0,27710516.0,185.5,192.0,185.0,186.5,-0.5,893.0
1150415,1626,艾美特-KY,130204.0,1305745.0,10.0,10.1,9.99,9.99,-0.01,122.0
1150415,1702,南僑,724309.0,26701966.0,36.4,38.05,36.3,37.05,0.7,606.0
1150415,1707,葡萄王,164185.0,19371615.0,119.0,119.0,117.5,118.0,-1.0,376.0
1150415,1708,東鹼,5481783.0,220901206.0,41.0,41.0,39.85,40.6,-0.7,3945.0
1150415,1709,和益,930005.0,17785686.0,19.35,19.35,19.05,19.1,-0.25,711.0
1150415,1710,東聯,6636405.0,92569591.0,14.45,14.5,13.7,13.7,-0.85,2782.0
1150415,1711,永光,63598836.0,2731909954.0,41.1,44.85,40.95,43.65,1.6,34782.0
1150415,1712,興農,925740.0,39211726.0,42.7,42.7,42.1,42.25,-0.55,1014.0
1150415,1713,國化,210490.0,10110988.0,48.55,48.55,47.7,48.1,-0.25,158.0
1150415,1714,和桐,6685961.0,66510437.0,10.2,10.2,9.85,9.92,-0.18,2166.0
1150415,1717,長興,74022288.0,5939685756.0,81.1,81.9,78.8,79.8,-1.2,46353.0
1150415,1718,中纖,8079540.0,57133259.0,7.19,7.21,7.0,7.04,-0.15,2726.0
1150415,1720,生達,166726.0,10582807.0,63.2,63.7,63.2,63.5,0.3,161.0
1150415,1721,三晃,7037664.0,138799668.0,20.5,20.6,18.8,19.3,-0.7,4445.0
1150415,1722,台肥,4201893.0,192928061.0,46.5,46.5,45.7,45.75,-0.8,2956.0
1150415,1723,中碳,1294968.0,105216339.0,81.0,82.2,79.8,81.9,0.5,1639.0
1150415,1725,元禎,102520.0,3124225.0,30.45,30.6,30.25,30.6,0.0,108.0
1150415,1726,永記,49436.0,3751509.0,76.0,76.0,75.6,75.8,0.0,66.0
1150415,1727,中華化,4499556.0,258855464.0,58.7,58.8,56.8,57.1,-1.0,3928.0
1150415,1730,花仙子,47940.0,2523927.0,52.6,52.8,52.5,52.8,0.2,66.0
1150415,1731,美吾華,140533.0,3075057.0,21.8,21.95,21.8,21.9,0.1,80.0
1150415,1732,毛寶,112488.0,2916374.0,26.2,26.2,25.25,26.15,0.1,114.0
1150415,1733,五鼎,248259.0,7478632.0,29.95,30.3,29.95,30.15,0.45,165.0
1150415,1734,杏輝,525347.0,16742035.0,31.9,32.0,31.55,32.0,0.25,1091.0
1150415,1735,日勝化,2472370.0,72583649.0,30.65,30.7,28.65,29.35,-1.15,1867.0
1150415,1736,喬山,445659.0,52150827.0,118.5,118.5,116.0,116.0,-2.0,533.0
1150415,1737,臺鹽,94331.0,3033500.0,32.2,32.3,32.05,32.2,0.0,359.0
1150415,1752,南光,35877.0,1285270.0,35.9,35.9,35.75,35.8,0.05,52.0
1150415,1760,寶齡富錦,104182.0,6600345.0,63.2,63.7,63.0,63.7,0.5,251.0
1150415,1762,中化生,210818.0,6249952.0,29.4,30.1,29.3,29.85,0.35,239.0
1150415,1773,勝一,1468598.0,229901424.0,157.5,157.5,155.0,157.0,2.0,1705.0
1150415,1776,展宇,85197.0,1375641.0,16.35,16.35,16.0,16.25,0.05,76.0
1150415,1783,和康生,191172.0,8020519.0,42.35,42.45,41.55,41.8,-0.8,295.0
1150415,1786,科妍,370864.0,23462440.0,64.4,64.4,62.6,63.4,-0.4,419.0
1150415,1789,神隆,958849.0,20336901.0,21.25,21.45,21.05,21.2,-0.05,511.0
1150415,1795,美時,3690798.0,866836337.0,234.0,240.0,230.5,235.0,0.5,5062.0
1150415,1802,台玻,279186168.0,19122314799.0,69.8,71.0,65.4,69.2,1.0,140375.0
1150415,1805,寶徠,86366.0,942087.0,10.9,11.05,10.85,11.0,0.0,90.0
1150415,1806,冠軍,245894.0,2052920.0,8.34,8.37,8.32,8.36,0.03,207.0
1150415,1808,潤隆,1174963.0,35407804.0,30.1,30.55,29.9,29.9,0.0,882.0
1150415,1809,中釉,5696451.0,156077638.0,26.7,28.35,26.15,27.3,0.8,3721.0
1150415,1810,和成,692771.0,12054153.0,17.45,17.55,17.25,17.35,0.05,368.0
1150415,1817,凱撒衛,87564.0,3399572.0,38.9,38.95,38.7,38.95,0.2,71.0
1150415,1903,士紙,217305.0,10694609.0,49.75,49.75,49.0,49.0,-0.5,216.0
1150415,1904,正隆,1926648.0,36568675.0,18.9,19.1,18.85,19.05,0.15,1340.0
1150415,1905,華紙,4044147.0,57938552.0,14.2,14.6,14.1,14.25,0.05,1732.0
1150415,1906,寶隆,189210.0,2241597.0,11.85,12.0,11.75,11.85,-0.05,145.0
1150415,1907,永豐餘,1171005.0,30630410.0,26.3,26.3,26.0,26.3,0.2,746.0
1150415,1909,榮成,2954201.0,28631071.0,9.79,9.8,9.63,9.63,-0.16,1370.0
1150415,2002,中鋼,41024349.0,827620911.0,20.5,20.55,20.05,20.1,-0.4,14277.0
1150415,2002A,中鋼特,23402.0,906174.0,38.75,38.75,38.7,38.75,0.0,26.0
1150415,2006,東和鋼鐵,2329665.0,163235006.0,70.8,71.0,69.7,70.2,-0.5,2016.0
1150415,2007,燁興,486890.0,3910911.0,8.1,8.11,8.0,8.03,-0.02,198.0
1150415,2008,高興昌,34457.0,946975.0,27.25,27.9,27.1,27.1,-0.15,36.0
1150415,2009,第一銅,2422653.0,100996903.0,42.2,42.75,40.9,40.9,-0.75,2585.0
1150415,2010,春源,1881202.0,47388112.0,25.45,25.45,25.05,25.15,-0.2,990.0
1150415,2012,春雨,67588.0,1072214.0,15.8,16.05,15.75,15.85,0.0,83.0
1150415,2013,中鋼構,170002.0,7454796.0,44.15,44.25,43.7,43.75,-0.25,214.0
1150415,2014,中鴻,4837108.0,89530281.0,18.75,18.85,18.4,18.5,-0.2,1890.0
1150415,2015,豐興,321971.0,20316759.0,63.4,63.8,62.8,63.4,-0.2,500.0
1150415,2017,官田鋼,1222588.0,11628645.0,9.66,9.66,9.47,9.51,-0.09,593.0
1150415,2020,美亞,2185275.0,55101708.0,25.2,25.3,25.15,25.15,0.0,1005.0
1150415,2022,聚亨,1093081.0,9746137.0,8.9,8.95,8.89,8.91,-0.01,511.0
1150415,2023,燁輝,1728759.0,24241669.0,14.15,14.2,13.95,14.0,-0.15,763.0
1150415,2024,志聯,17327.0,252925.0,14.65,14.65,14.5,14.5,-0.15,45.0
1150415,2025,千興,203835.0,2360830.0,11.5,11.7,11.45,11.55,0.05,135.0
1150415,2027,大成鋼,30848824.0,1164128947.0,38.4,38.45,37.3,37.45,-1.0,14749.0
1150415,2028,威致,247181.0,4715984.0,19.0,19.25,18.95,19.25,0.5,198.0
1150415,2029,盛餘,109285.0,2258991.0,20.65,20.8,20.6,20.7,-0.05,95.0
1150415,2030,彰源,1002383.0,16438536.0,16.45,16.5,16.3,16.5,0.2,408.0
1150415,2031,新光鋼,616318.0,25164359.0,41.3,41.3,40.7,40.7,-0.5,940.0
1150415,2032,新鋼,833828.0,14183821.0,17.1,17.3,16.85,17.0,0.05,244.0
1150415,2033,佳大,144417.0,2372096.0,16.65,16.65,16.35,16.55,0.15,69.0
1150415,2034,允強,1595332.0,32915135.0,20.7,20.85,20.5,20.55,0.05,841.0
1150415,2038,海光,398819.0,6173405.0,15.6,15.7,15.35,15.45,0.0,386.0
1150415,2049,上銀,30507107.0,8504385672.0,279.0,294.0,267.0,282.0,7.0,29080.0
1150415,2059,川湖,659022.0,2305265860.0,3510.0,3575.0,3435.0,3440.0,-5.0,3982.0
1150415,2062,橋椿,208589.0,4616762.0,22.35,22.35,22.05,22.15,-0.05,163.0
1150415,2069,運錩,240396.0,4446284.0,18.6,18.6,18.45,18.45,0.0,126.0
1150415,2072,世紀風電,457885.0,79998366.0,174.5,176.5,171.5,175.0,1.5,516.0
1150415,2101,南港,1326498.0,48189954.0,36.85,36.85,36.15,36.5,-0.05,943.0
1150415,2102,泰豐,526717.0,10262299.0,19.75,19.85,19.2,19.25,-0.6,401.0
1150415,2103,台橡,5156704.0,100116009.0,19.9,20.0,19.2,19.35,-0.6,2142.0
1150415,2104,國際中橡,4131960.0,47697824.0,11.8,11.85,11.4,11.45,-0.35,1660.0
1150415,2105,正新,10712120.0,344449936.0,32.55,32.7,31.9,31.95,-0.55,4856.0
1150415,2106,建大,685281.0,12675218.0,18.55,18.65,18.3,18.4,-0.15,495.0
1150415,2107,厚生,308077.0,7946993.0,25.8,25.9,25.7,25.8,0.0,287.0
1150415,2108,南帝,1116253.0,29230534.0,26.65,26.8,25.95,26.05,-0.6,1171.0
1150415,2109,華豐,147618.0,2170594.0,14.7,14.8,14.6,14.7,-0.1,126.0
1150415,2114,鑫永銓,51385.0,4577336.0,88.2,90.0,88.2,89.1,0.9,37.0
1150415,2115,六暉-KY,43216.0,933615.0,21.5,21.7,21.5,21.6,0.1,45.0
1150415,2201,裕隆,11293747.0,313155391.0,26.95,28.5,26.9,27.5,1.0,6152.0
1150415,2204,中華,1003785.0,55166710.0,54.9,55.4,54.6,54.6,0.0,769.0
1150415,2206,三陽工業,632586.0,37106508.0,58.7,58.9,58.4,58.8,0.1,1206.0
1150415,2207,和泰車,265202.0,135999878.0,511.0,516.0,506.0,512.0,1.0,592.0
1150415,2208,台船,3020676.0,61981087.0,20.5,20.8,20.3,20.45,0.2,1630.0
1150415,2211,長榮鋼,548056.0,54856880.0,100.5,101.0,100.0,100.0,0.0,445.0
1150415,2227,裕日車,53595.0,2826153.0,52.4,53.2,52.3,53.2,0.9,142.0
1150415,2228,劍麟,193870.0,17811586.0,92.1,92.9,91.4,91.4,-0.2,212.0
1150415,2231,為升,1132999.0,137416818.0,123.0,125.5,119.0,119.0,-7.5,1170.0
1150415,2233,宇隆,1076062.0,247058544.0,235.0,237.5,226.0,229.0,-0.5,2441.0
1150415,2236,百達-KY,451469.0,56953689.0,127.5,128.5,124.0,125.5,-1.5,459.0
1150415,2239,英利-KY,70990.0,1665883.0,23.0,23.7,23.0,23.45,0.4,68.0
1150415,2241,艾姆勒,336390.0,9551778.0,28.7,28.75,27.95,28.35,0.2,243.0
1150415,2243,宏旭-KY,1139478.0,26101839.0,23.6,23.8,22.35,23.05,0.05,739.0
1150415,2247,汎德永業,54303.0,12811351.0,234.5,237.5,233.5,236.0,1.0,343.0
1150415,2248,華勝-KY,88650.0,4720399.0,53.2,53.7,52.6,53.2,0.0,75.0
1150415,2250,IKKA-KY,109821.0,7026143.0,62.6,64.6,62.6,64.0,1.9,194.0
1150415,2254,巨鎧精密-創,20004.0,1387448.0,68.9,69.9,68.9,69.8,0.9,20.0
1150415,2258,鴻華先進-創,1134425.0,32072781.0,28.15,28.95,27.9,28.05,0.0,603.0
1150415,2301,光寶科,24555323.0,3880394857.0,159.5,160.5,155.5,159.0,1.5,14605.0
1150415,2302,麗正,786910.0,14435457.0,18.35,18.7,18.05,18.05,-0.1,421.0
1150415,2303,聯電,144674939.0,8972613119.0,60.1,63.4,60.1,62.1,2.4,60209.0
1150415,2305,全友,4175103.0,73282315.0,17.6,17.95,17.2,17.6,-0.3,2217.0
1150415,2308,台達電,12877432.0,23199644024.0,1785.0,1835.0,1785.0,1785.0,35.0,30473.0
1150415,2312,金寶,26089125.0,606468756.0,23.4,23.8,22.85,23.4,0.7,10160.0
1150415,2313,華通,61632617.0,16246306107.0,259.0,268.0,257.0,263.0,5.5,55884.0
1150415,2314,台揚,327063.0,4431997.0,13.4,13.75,13.4,13.65,0.35,533.0
1150415,2316,楠梓電,8321941.0,976107563.0,122.0,122.5,114.0,115.5,-3.0,6986.0
1150415,2317,鴻海,71250931.0,14931988718.0,211.5,211.5,206.5,207.5,0.0,57933.0
1150415,2321,東訊,15935.0,203970.0,12.6,13.9,12.3,13.05,0.05,17.0
1150415,2323,中環,5111988.0,55873409.0,10.95,11.1,10.8,10.85,-0.05,1666.0
1150415,2324,仁寶,33328745.0,979016419.0,29.55,29.95,29.05,29.45,-0.05,13172.0
1150415,2327,國巨*,76263816.0,24749809475.0,321.5,332.0,316.5,322.0,10.0,105646.0
1150415,2328,廣宇,2945346.0,133639707.0,46.0,46.3,44.75,45.05,-0.35,3262.0
1150415,2329,華泰,20371945.0,1195162523.0,59.0,60.1,57.3,58.5,-0.5,11920.0
1150415,2330,台積電,46824833.0,97435290780.0,2065.0,2100.0,2060.0,2080.0,25.0,144126.0
1150415,2331,精英,2725871.0,59965253.0,22.2,22.35,21.75,21.8,0.1,1402.0
1150415,2332,友訊,2418365.0,36638375.0,15.2,15.3,15.05,15.25,0.15,1281.0
1150415,2337,旺宏,256140524.0,38275777989.0,161.0,162.0,140.5,142.0,-13.5,179022.0
1150415,2338,光罩,2840694.0,128059959.0,45.9,46.3,44.3,44.4,-1.3,3483.0
1150415,2340,台亞,4306043.0,127325046.0,29.7,30.15,29.25,29.35,0.1,3023.0
1150415,2342,茂矽,1357176.0,40384851.0,29.75,30.15,29.35,29.65,0.25,861.0
1150415,2344,華邦電,128417146.0,11871721447.0,95.6,96.6,90.1,90.2,-3.3,108701.0
1150415,2345,智邦,7294130.0,14661888290.0,1900.0,2075.0,1870.0,1970.0,80.0,13799.0
1150415,2347,聯強,7766349.0,640360864.0,82.3,83.3,81.6,82.2,0.0,7255.0
1150415,2348,海悅,279023.0,21951846.0,78.0,79.4,77.6,79.0,1.2,391.0
1150415,2348A,海悅甲特,49000.0,1862600.0,38.0,38.05,38.0,38.0,0.0,8.0
1150415,2349,錸德,4038179.0,54935511.0,13.6,13.8,13.5,13.6,0.1,2147.0
1150415,2351,順德,5781167.0,698264094.0,123.0,124.5,118.0,121.0,-2.0,3861.0
1150415,2352,佳世達,6981390.0,171906798.0,24.3,24.85,24.3,24.7,0.5,3768.0
1150415,2353,宏碁,26566396.0,733240262.0,27.45,27.9,27.35,27.5,0.25,9726.0
1150415,2354,鴻準,10141421.0,528409964.0,51.6,52.7,51.4,51.9,0.7,6934.0
1150415,2355,敬鵬,12411660.0,645828060.0,51.9,53.3,51.2,51.5,-0.1,10292.0
1150415,2356,英業達,21845628.0,980935919.0,45.15,45.9,44.0,44.45,-0.15,13220.0
1150415,2357,華碩,4199393.0,2449904029.0,584.0,587.0,580.0,584.0,4.0,5272.0
1150415,2359,所羅門,2422510.0,281760903.0,118.0,118.5,114.0,115.5,1.0,2656.0
1150415,2360,致茂,2929050.0,5809207400.0,1900.0,2020.0,1850.0,2020.0,180.0,4554.0
1150415,2362,藍天,862394.0,33224741.0,38.9,39.05,38.15,38.2,-0.6,595.0
1150415,2363,矽統,4161003.0,201921955.0,48.5,48.95,48.05,48.5,0.35,3229.0
1150415,2364,倫飛,175756.0,11152246.0,63.6,63.7,63.2,63.4,0.3,547.0
1150415,2365,昆盈,7466161.0,263504581.0,35.05,36.8,34.4,34.55,0.2,4766.0
1150415,2367,燿華,33461285.0,2450855363.0,72.7,75.0,72.1,72.1,0.1,24931.0
1150415,2368,金像電,9300414.0,10916878880.0,1185.0,1210.0,1130.0,1165.0,15.0,15613.0
1150415,2369,菱生,12091772.0,382281280.0,32.3,32.4,31.25,31.4,-0.65,6660.0
1150415,2371,大同,15384770.0,496537167.0,32.1,32.75,32.0,32.05,0.1,6427.0
1150415,2373,震旦行,49111.0,2809669.0,57.4,57.4,57.0,57.3,0.2,106.0
1150415,2374,佳能,4856213.0,352660727.0,73.3,74.0,71.3,71.8,-0.2,4740.0
1150415,2375,凱美,8616090.0,754018936.0,86.0,90.8,85.2,85.9,0.7,6703.0
1150415,2376,技嘉,25948743.0,7223920383.0,268.0,284.0,268.0,279.0,15.5,28775.0
1150415,2377,微星,6200245.0,551225878.0,90.0,90.1,88.2,88.7,-0.2,5355.0
1150415,2379,瑞昱,3760306.0,1976005645.0,527.0,530.0,522.0,525.0,1.0,3463.0
1150415,2380,虹光,229648.0,1204226.0,5.47,5.47,5.22,5.22,-0.03,179.0
1150415,2382,廣達,34222733.0,10741061897.0,324.0,325.0,307.0,308.5,-14.5,66683.0
1150415,2383,台光電,3998854.0,15134494450.0,3870.0,3875.0,3700.0,3810.0,205.0,13142.0
1150415,2385,群光,3568661.0,445672258.0,124.5,126.0,123.5,125.0,1.0,2542.0
1150415,2387,精元,600985.0,23991346.0,40.0,40.1,39.8,39.85,-0.15,513.0
1150415,2388,威盛,22249251.0,1370978121.0,58.2,62.4,57.9,62.4,5.6,30606.0
1150415,2390,云辰,406807.0,4116441.0,10.2,10.25,10.05,10.05,-0.05,876.0
1150415,2392,正崴,8714185.0,321056678.0,34.55,37.6,34.5,36.55,2.35,5711.0
1150415,2393,億光,1829027.0,130062927.0,71.6,71.7,70.5,71.1,-0.2,1686.0
1150415,2395,研華,2818772.0,980437551.0,350.0,351.5,345.5,348.0,4.0,3324.0
1150415,2397,友通,200230.0,11968327.0,60.5,60.6,59.2,60.2,-0.1,203.0
1150415,2399,映泰,23953045.0,866762614.0,34.2,37.05,33.1,37.05,3.35,11219.0
1150415,2401,凌陽,6210887.0,139719987.0,22.4,22.75,22.2,22.6,0.65,3204.0
1150415,2402,毅嘉,36236383.0,2646106981.0,74.3,75.9,71.0,72.4,0.0,22250.0
1150415,2404,漢唐,2830929.0,2595048349.0,922.0,928.0,907.0,910.0,-5.0,10822.0
1150415,2405,輔信,1817094.0,28493921.0,15.85,15.85,15.5,15.7,0.1,855.0
1150415,2406,國碩,21298190.0,713032501.0,32.5,34.75,32.4,33.05,1.1,13105.0
1150415,2408,南亞科,106926490.0,23456223822.0,227.5,229.5,211.5,211.5,-8.5,103702.0
1150415,2409,友達,697359696.0,13896260329.0,19.95,20.6,19.3,20.05,0.25,173433.0
1150415,2412,中華電,8257459.0,1113412035.0,135.0,135.5,134.0,135.5,0.5,4564.0
1150415,2413,環科,4786496.0,254294033.0,52.5,55.0,51.5,51.8,0.2,4028.0
1150415,2414,精技,325029.0,14605397.0,44.9,45.15,44.7,45.05,0.4,280.0
1150415,2415,錩新,148183.0,4314104.0,29.3,29.3,28.8,29.0,-0.2,196.0
1150415,2417,圓剛,679948.0,27771574.0,40.75,41.45,40.4,40.5,-0.15,791.0
1150415,2419,仲琦,5469782.0,190706204.0,34.5,35.3,34.25,35.0,0.65,3809.0
1150415,2420,新巨,1176485.0,65165522.0,54.6,56.3,54.0,55.1,1.3,1677.0
1150415,2421,建準,4554641.0,644048516.0,143.5,144.0,138.5,141.0,-0.5,4487.0
1150415,2423,固緯,358386.0,18299908.0,49.8,52.4,49.8,50.8,1.05,363.0
1150415,2424,隴華,57252.0,1345258.0,23.3,24.2,23.3,23.85,0.55,56.0
1150415,2425,承啟,1505133.0,46265702.0,30.9,31.85,29.5,31.3,1.0,1749.0
1150415,2426,鼎元,6658627.0,333768865.0,52.0,52.0,49.15,49.3,-3.6,3555.0
1150415,2427,三商電,610802.0,13617044.0,22.45,22.5,22.1,22.2,-0.15,426.0
1150415,2428,興勤,2030144.0,372644205.0,185.0,187.0,181.5,182.5,-2.5,2411.0
1150415,2429,銘旺科,319253.0,12687839.0,40.3,40.3,39.2,39.7,0.3,1190.0
1150415,2430,燦坤,73929.0,1604274.0,21.7,21.75,21.65,21.65,-0.1,98.0
1150415,2431,聯昌,543554.0,6212021.0,11.25,11.55,11.25,11.45,0.2,295.0
1150415,2432,倚天酷碁-創,73000.0,2038650.0,28.05,28.05,27.75,28.0,0.0,50.0
1150415,2433,互盛電,69846.0,3198981.0,46.0,46.05,45.6,46.0,-0.05,68.0
1150415,2434,統懋,8558.0,250931.0,29.5,29.5,29.25,29.4,-0.1,60.0
1150415,2436,偉詮電,4439021.0,276191163.0,64.4,64.7,60.8,60.8,-2.5,3288.0
1150415,2438,翔耀,447226.0,9953403.0,21.45,22.95,21.05,21.9,1.0,320.0
1150415,2439,美律,2869517.0,253356657.0,88.0,89.5,87.7,88.2,1.2,2477.0
1150415,2440,太空梭,293065.0,4437392.0,15.0,15.25,15.0,15.2,0.0,191.0
1150415,2441,超豐,7644245.0,681110750.0,91.1,91.3,88.2,88.7,-2.1,6450.0
1150415,2442,新美齊,3431852.0,68542110.0,20.05,20.15,19.9,19.9,-0.15,1337.0
1150415,2444,兆勁,603998.0,7593247.0,12.1,12.8,12.1,12.55,0.45,350.0
1150415,2449,京元電子,28983839.0,8569001857.0,303.0,304.0,290.0,291.0,-10.0,49255.0
1150415,2450,神腦,133645.0,4011179.0,30.05,30.15,29.95,30.1,0.15,153.0
1150415,2451,創見,5421356.0,1363814131.0,257.0,259.0,246.0,248.0,-1.5,6794.0
1150415,2453,凌群,487574.0,26532276.0,54.7,54.9,53.9,54.1,-0.1,491.0
1150415,2454,聯發科,22780413.0,41285487220.0,1805.0,1845.0,1770.0,1790.0,70.0,60578.0
1150415,2455,全新,3569574.0,994702985.0,282.0,282.0,275.0,275.0,-5.5,4778.0
1150415,2457,飛宏,2525499.0,62948332.0,25.2,25.3,24.65,24.75,-0.05,1524.0
1150415,2458,義隆,2892762.0,395546774.0,137.0,138.5,135.5,136.5,0.0,2655.0
1150415,2459,敦吉,59107.0,3912774.0,65.9,66.4,65.9,66.3,0.1,67.0
1150415,2460,建通,2489397.0,85859615.0,34.45,35.5,33.25,35.3,0.8,1778.0
1150415,2461,光群雷,817848.0,14383046.0,17.7,17.85,17.45,17.65,-0.05,350.0
1150415,2462,良得電,246498.0,5363464.0,21.7,21.9,21.6,21.85,0.25,229.0
1150415,2464,盟立,5955689.0,446603965.0,76.5,77.2,73.5,74.3,-0.8,4854.0
1150415,2465,麗臺,1270947.0,77203241.0,60.6,61.9,59.2,59.4,-1.2,1476.0
1150415,2466,冠西電,1258803.0,81529226.0,66.3,66.3,63.8,65.5,-0.3,1014.0
1150415,2467,志聖,1492448.0,770870058.0,539.0,539.0,507.0,510.0,-38.0,2772.0
1150415,2468,華經,343882.0,11925353.0,35.1,35.15,34.4,34.8,-0.35,294.0
1150415,2471,資通,161470.0,8426686.0,52.8,52.8,51.8,52.0,0.4,462.0
1150415,2472,立隆電,13603722.0,2495313237.0,185.0,191.5,177.0,181.5,3.0,11059.0
1150415,2474,可成,2132842.0,424300514.0,198.5,200.0,197.5,200.0,2.5,2094.0
1150415,2476,鉅祥,8891740.0,962402776.0,107.5,112.5,103.5,108.0,2.5,8091.0
1150415,2477,美隆電,169013.0,4037375.0,23.9,24.05,23.8,23.8,-0.05,208.0
1150415,2478,大毅,4880995.0,347035363.0,69.2,72.8,69.0,71.3,3.0,4302.0
1150415,2480,敦陽科,257752.0,36056049.0,140.0,141.0,138.5,139.0,0.0,339.0
1150415,2481,強茂,14824463.0,1485101669.0,100.5,102.5,98.6,100.0,1.0,11415.0
1150415,2482,連宇,175696.0,3005871.0,17.05,17.35,17.0,17.1,-0.1,466.0
1150415,2483,百容,310726.0,6859936.0,21.8,23.0,21.75,22.15,0.4,196.0
1150415,2484,希華,31400803.0,1150738161.0,35.5,37.85,35.0,36.65,2.2,14944.0
1150415,2485,兆赫,68017896.0,5440365690.0,78.3,82.1,77.3,79.9,1.6,43888.0
1150415,2486,一詮,3705557.0,674319036.0,187.0,187.0,179.0,181.0,-10.5,3204.0
1150415,2488,漢平,300053.0,15127432.0,50.0,50.7,50.0,50.4,0.4,326.0
1150415,2489,瑞軒,16638492.0,709951744.0,44.0,44.0,42.15,42.25,-3.45,7128.0
1150415,2491,吉祥全,167704.0,2543120.0,15.25,15.4,14.9,15.1,-0.05,155.0
1150415,2492,華新科,23964264.0,3490595679.0,147.0,151.0,141.5,144.5,1.5,17814.0
1150415,2493,揚博,9246376.0,1342660046.0,139.0,152.5,132.5,152.5,13.5,7672.0
1150415,2495,普安,25800472.0,1129423634.0,41.1,45.2,40.15,45.2,4.1,17681.0
1150415,2496,卓越,14315.0,946214.0,66.5,66.5,66.0,66.1,-0.1,22.0
1150415,2497,怡利電,1511970.0,85951137.0,57.1,58.2,55.6,55.8,-0.8,1647.0
1150415,2498,宏達電,11151835.0,463956701.0,41.0,42.4,40.9,41.0,0.6,7556.0
1150415,2501,國建,3577343.0,88450318.0,24.7,24.95,24.35,24.95,0.45,1730.0
1150415,2504,國產,1788332.0,64742482.0,36.55,36.55,36.05,36.15,-0.6,1367.0
1150415,2505,國揚,482865.0,9175112.0,19.05,19.15,18.8,19.0,-0.1,288.0
1150415,2506,太設,177583.0,1596992.0,8.98,9.01,8.95,9.01,0.02,176.0
1150415,2509,全坤建,216552.0,3080418.0,14.25,14.35,14.15,14.35,0.05,166.0
1150415,2511,太子,738630.0,6080311.0,8.24,8.27,8.21,8.22,-0.02,326.0
1150415,2514,龍邦,226444.0,3053028.0,13.55,13.55,13.35,13.5,0.0,235.0
1150415,2515,中工,4069968.0,54149167.0,13.4,13.45,13.2,13.35,-0.05,1686.0
1150415,2516,新建,444078.0,6288440.0,14.0,14.35,14.0,14.15,0.3,933.0
1150415,2520,冠德,1258517.0,38926239.0,30.9,31.2,30.7,31.2,0.3,848.0
1150415,2524,京城,84114.0,3284343.0,38.5,39.4,38.5,38.95,0.0,107.0
1150415,2527,宏璟,1868590.0,72828414.0,38.05,40.0,38.05,39.2,1.5,1416.0
1150415,2528,皇普,215235.0,5217457.0,24.15,24.4,24.15,24.25,0.2,168.0
1150415,2530,華建,862742.0,19731947.0,22.7,23.0,22.55,22.85,0.15,606.0
1150415,2534,宏盛,455531.0,9023502.0,19.95,19.95,19.7,19.8,-0.1,352.0
1150415,2535,達欣工,616088.0,43672449.0,70.4,71.5,69.8,71.4,1.1,744.0
1150415,2536,宏普,213146.0,4741522.0,22.25,22.35,22.15,22.35,0.1,127.0
1150415,2537,聯上發,440107.0,4603535.0,10.6,10.6,10.4,10.45,-0.05,371.0
1150415,2538,基泰,508460.0,5121753.0,10.15,10.15,10.0,10.0,-0.1,198.0
1150415,2539,櫻花建,728645.0,34475558.0,47.8,47.8,47.1,47.25,-0.25,931.0
1150415,2540,愛山林,898507.0,45721037.0,50.3,51.5,50.0,51.4,1.3,776.0
1150415,2542,興富發,5312134.0,187950608.0,35.7,35.75,35.2,35.35,-0.3,3496.0
1150415,2543,皇昌,1082702.0,62792476.0,58.2,58.4,57.6,57.8,0.3,851.0
1150415,2545,皇翔,293066.0,10747423.0,36.85,37.0,36.55,36.65,-0.1,395.0
1150415,2546,根基,91671.0,7907854.0,86.1,86.5,85.9,86.2,0.1,291.0
1150415,2547,日勝生,1300874.0,14148501.0,11.0,11.0,10.8,10.9,0.0,533.0
1150415,2548,華固,1718748.0,221796020.0,129.0,130.0,127.5,129.5,0.5,1539.0
1150415,2597,潤弘,538855.0,81736480.0,153.0,153.0,150.5,151.5,-1.5,718.0
1150415,2601,益航,1829280.0,10481844.0,5.66,5.83,5.66,5.71,0.06,960.0
1150415,2603,長榮,10154229.0,2055814853.0,202.0,204.0,200.5,203.0,2.0,8251.0
1150415,2605,新興,17378710.0,621812858.0,36.8,36.95,34.6,35.7,-0.55,8984.0
1150415,2606,裕民,7237427.0,454943900.0,61.4,64.0,61.4,63.0,2.7,5100.0
1150415,2607,榮運,731755.0,37207132.0,51.0,51.1,50.6,50.7,0.0,549.0
1150415,2608,嘉里大榮,214134.0,6638317.0,30.9,31.1,30.9,31.0,0.1,250.0
1150415,2609,陽明,18704734.0,956042738.0,50.5,51.6,50.4,51.5,1.1,10782.0
1150415,2610,華航,32343932.0,590848044.0,18.35,18.35,18.2,18.25,0.0,10444.0
1150415,2611,志信,405466.0,6080332.0,15.1,15.1,14.9,14.9,-0.15,330.0
1150415,2612,中航,1975102.0,116048959.0,56.7,60.3,56.7,58.7,2.9,1554.0
1150415,2613,中櫃,964217.0,22142844.0,22.9,23.3,22.8,23.0,0.05,512.0
1150415,2614,東森,696127.0,14210120.0,20.5,20.65,20.3,20.45,0.1,587.0
1150415,2615,萬海,10214769.0,790719692.0,76.3,78.0,76.3,77.6,1.4,5417.0
1150415,2616,山隆,661892.0,10512113.0,16.25,16.25,15.7,15.95,-0.1,2077.0
1150415,2617,台航,1411642.0,43784211.0,30.65,31.3,30.65,30.9,0.7,949.0
1150415,2618,長榮航,27981242.0,980079162.0,35.2,35.35,34.75,34.75,-0.4,13200.0
1150415,2630,亞航,992904.0,46620655.0,46.6,47.7,46.5,46.65,0.35,855.0
1150415,2633,台灣高鐵,4208222.0,112764079.0,26.9,26.95,26.65,26.9,0.05,2050.0
1150415,2634,漢翔,4615277.0,221688024.0,47.6,48.65,47.55,47.7,0.2,3181.0
1150415,2636,台驊控股,294120.0,20035321.0,67.9,68.4,67.7,68.3,0.4,348.0
1150415,2637,慧洋-KY,4790102.0,347153833.0,71.3,73.3,71.1,72.5,2.3,3573.0
1150415,2642,宅配通,94349.0,2153858.0,22.95,22.95,22.75,22.9,-0.05,238.0
1150415,2645,長榮航太,1150107.0,177614351.0,151.5,157.5,151.5,153.5,2.5,1341.0
1150415,2646,星宇航空,3872497.0,81281739.0,21.0,21.1,20.9,21.0,0.0,2908.0
1150415,2701,萬企,109924.0,1195758.0,10.95,10.95,10.85,10.85,-0.1,73.0
1150415,2702,華園,1487441.0,25340061.0,15.8,17.35,15.8,17.1,1.3,1914.0
1150415,2704,國賓,105375.0,4529399.0,42.95,43.3,42.65,42.95,0.15,151.0
1150415,2705,六福,341858.0,5777422.0,16.8,17.05,16.75,16.95,0.1,279.0
1150415,2706,第一店,230303.0,2932431.0,12.75,12.8,12.65,12.7,0.0,196.0
1150415,2707,晶華,526889.0,101030679.0,193.0,193.0,191.0,191.5,-1.0,728.0
1150415,2712,遠雄來,17050.0,281750.0,16.65,16.65,16.35,16.35,0.05,18.0
1150415,2722,夏都,68931.0,1719483.0,25.2,25.2,24.8,25.0,0.0,89.0
1150415,2723,美食-KY,298966.0,20053075.0,68.4,68.4,66.6,67.0,-0.9,595.0
1150415,2727,王品,196930.0,44698508.0,226.5,228.0,226.0,228.0,2.0,4620.0
1150415,2731,雄獅,1190666.0,191368832.0,162.0,162.0,160.0,160.0,-1.5,1355.0
1150415,2739,寒舍,533419.0,19079051.0,35.5,36.15,35.0,36.15,0.15,352.0
1150415,2748,雲品,275661.0,11554598.0,41.65,42.5,41.4,41.6,-0.65,342.0
1150415,2753,八方雲集,168456.0,30921497.0,184.0,184.5,183.0,183.5,0.5,253.0
1150415,2762,世界健身-KY,26866.0,1967678.0,73.4,73.5,72.9,73.1,-0.2,129.0
1150415,2801,彰銀,18834435.0,401199940.0,21.2,21.4,21.15,21.4,0.2,5370.0
1150415,2812,台中銀,7507529.0,155265956.0,20.75,20.75,20.6,20.7,0.0,3440.0
1150415,2816,旺旺保,247116.0,7873059.0,31.55,32.05,31.5,31.85,0.3,166.0
1150415,2820,華票,865883.0,14873288.0,17.2,17.25,17.1,17.15,0.0,500.0
1150415,2832,台產,346604.0,17004106.0,49.5,49.5,48.55,48.55,0.55,436.0
1150415,2834,臺企銀,33478958.0,517401775.0,15.35,15.5,15.35,15.5,0.15,6281.0
1150415,2836,高雄銀,1333231.0,16328295.0,12.25,12.3,12.2,12.25,0.0,458.0
1150415,2836A,高雄銀甲特,70740.0,1737901.0,24.6,24.65,24.45,24.65,0.1,36.0
1150415,2838,聯邦銀,1329322.0,27999807.0,21.0,21.2,20.95,21.05,0.0,676.0
1150415,2838A,聯邦銀甲特,24000.0,1308800.0,54.5,54.6,54.5,54.5,-0.1,14.0
1150415,2845,遠東銀,5578792.0,70494303.0,12.65,12.7,12.6,12.65,0.0,2026.0
1150415,2849,安泰銀,170580.0,2358899.0,13.65,13.9,13.65,13.85,0.15,178.0
1150415,2850,新產,454904.0,57851865.0,126.0,128.5,126.0,127.0,1.0,583.0
1150415,2851,中再保,2282637.0,71780505.0,31.85,31.85,31.25,31.3,-0.5,1214.0
1150415,2852,第一保,459782.0,12116379.0,26.35,26.4,26.25,26.25,0.0,269.0
1150415,2855,統一證,8530935.0,277158031.0,31.75,32.9,31.7,32.85,1.2,3840.0
1150415,2867,三商壽,12022022.0,95330462.0,7.88,7.99,7.85,7.91,0.02,2534.0
1150415,2880,華南金,20105034.0,721175552.0,35.25,36.2,34.95,36.05,1.05,11160.0
1150415,2881,富邦金,21344754.0,1871254479.0,88.0,88.4,87.1,87.5,-0.1,15389.0
1150415,2881A,富邦特,33415.0,2140977.0,64.0,64.2,64.0,64.2,0.1,41.0
1150415,2881B,富邦金乙特,154346.0,9658318.0,62.5,62.6,62.5,62.6,0.0,68.0
1150415,2881C,富邦金丙特,173453.0,8928565.0,51.5,51.7,51.4,51.6,0.1,127.0
1150415,2882,國泰金,27938701.0,2028474813.0,72.9,73.0,72.0,72.9,0.2,11886.0
1150415,2882A,國泰特,109022.0,6788965.0,62.2,62.4,62.2,62.4,0.1,40.0
1150415,2882B,國泰金乙特,38487.0,2336525.0,60.7,60.8,60.7,60.8,0.0,15.0
1150415,2883,凱基金,37659032.0,784742698.0,20.9,21.0,20.7,20.75,-0.1,9080.0
1150415,2883B,凱基金乙特,1395301.0,11531139.0,8.28,8.29,8.25,8.29,0.0,265.0
1150415,2884,玉山金,38138993.0,1254026033.0,32.8,33.1,32.6,32.95,0.25,12270.0
1150415,2885,元大金,29370682.0,1480252457.0,50.2,50.9,49.7,50.4,0.85,13134.0
1150415,2886,兆豐金,22320064.0,880802263.0,39.3,39.6,39.2,39.5,0.15,8214.0
1150415,2887,台新新光金,50971144.0,1255892437.0,24.75,24.8,24.55,24.6,0.15,11611.0
1150415,2887E,台新新光戊特一,127867.0,6567622.0,51.3,51.4,51.3,51.4,0.0,106.0
1150415,2887F,台新新光戊特二,3283.0,156631.0,47.7,47.75,47.7,47.75,-0.15,88.0
1150415,2887G,台新新光庚特一,96241.0,4100126.0,42.6,42.65,42.55,42.6,0.0,45.0
1150415,2887H,台新新光庚特二,62311.0,2571727.0,41.3,41.35,41.2,41.35,0.05,42.0
1150415,2887I,台新新光辛特,9567610.0,89906480.0,9.39,9.41,9.38,9.39,0.0,866.0
1150415,2887Z1,台新新光己特,71926.0,1277395.0,17.8,17.8,17.75,17.75,0.0,58.0
1150415,2889,國票金,2058450.0,31536732.0,15.2,15.4,15.2,15.3,0.05,1295.0
1150415,2890,永豐金,17959345.0,596645220.0,33.2,33.35,32.95,33.3,0.1,6561.0
1150415,2891,中信金,55358343.0,2921702972.0,53.3,53.4,52.5,52.8,-0.3,28778.0
1150415,2891B,中信金乙特,17212.0,1104607.0,64.2,64.2,64.2,64.2,-0.1,90.0
1150415,2891C,中信金丙特,51951.0,3220327.0,62.0,62.0,62.0,62.0,0.0,123.0
1150415,2892,第一金,20594673.0,593457098.0,28.75,28.95,28.7,28.85,0.25,6554.0
1150415,2897,王道銀行,3716567.0,38458419.0,10.3,10.4,10.3,10.35,0.0,998.0
1150415,2897B,王道銀乙特,37000.0,439800.0,11.9,11.9,11.85,11.9,0.0,17.0
1150415,2901,欣欣,52410.0,1236468.0,23.8,23.8,23.35,23.75,0.2,208.0
1150415,2903,遠百,1320155.0,30379037.0,22.95,23.1,22.9,23.0,0.05,827.0
1150415,2904,匯僑,69954.0,1168573.0,16.85,16.85,16.6,16.8,0.1,69.0
1150415,2905,三商,470693.0,6917584.0,14.7,14.8,14.6,14.7,0.05,306.0
1150415,2906,高林,154130.0,1998350.0,13.0,13.0,12.9,13.0,0.0,130.0
1150415,2908,特力,385322.0,7748167.0,20.1,20.2,19.95,20.2,0.1,206.0
1150415,2910,統領,53722.0,1211946.0,22.7,22.95,22.2,22.6,0.45,62.0
1150415,2911,麗嬰房,87703.0,435531.0,4.98,5.0,4.96,4.99,-0.05,102.0
1150415,2912,統一超,2598554.0,597502571.0,227.5,231.5,226.5,231.5,4.0,2802.0
1150415,2913,農林,1534324.0,18699998.0,12.3,12.35,12.1,12.2,-0.05,779.0
1150415,2915,潤泰全,1759923.0,81681834.0,46.25,46.7,46.25,46.4,0.15,995.0
1150415,2923,鼎固-KY,299376.0,7188628.0,20.9,24.6,20.9,24.6,2.15,1038.0
1150415,2929,淘帝-KY,167809.0,1052810.0,6.2,6.35,6.2,6.25,0.03,165.0
1150415,2939,永邑-KY,10008.0,246279.0,24.45,25.25,24.4,24.4,-0.05,15.0
1150415,2945,三商家購,9623.0,407864.0,42.6,42.8,41.85,42.3,0.2,24.0
1150415,3002,歐格,222955.0,4237287.0,19.15,19.35,18.85,18.9,-0.1,271.0
1150415,3003,健和興,1032473.0,55304765.0,54.8,54.8,53.1,53.5,-0.9,1040.0
1150415,3004,豐達科,398658.0,46822214.0,118.0,120.0,115.0,115.5,-1.0,460.0
1150415,3005,神基,4873199.0,474207204.0,98.1,98.1,96.7,97.5,-0.6,4864.0
1150415,3006,晶豪科,12478018.0,1989936777.0,164.0,165.5,155.5,156.0,-4.5,10436.0
1150415,3008,大立光,4245180.0,12030766595.0,2875.0,2930.0,2750.0,2820.0,150.0,18354.0
1150415,3010,華立,993287.0,133662090.0,136.5,136.5,133.5,135.0,0.0,1091.0
1150415,3011,今皓,807917.0,10292860.0,13.0,13.15,12.5,12.6,-0.35,456.0
1150415,3013,晟銘電,2223523.0,229786453.0,105.0,105.5,102.0,104.0,0.5,2241.0
1150415,3014,聯陽,685402.0,82955773.0,121.5,122.0,120.5,121.0,0.5,768.0
1150415,3015,全漢,257756.0,13125281.0,51.2,51.5,50.3,50.3,-0.8,418.0
1150415,3016,嘉晶,4741528.0,295444927.0,60.8,64.4,60.1,62.6,1.8,3470.0
1150415,3017,奇鋐,3238805.0,7606030025.0,2375.0,2375.0,2310.0,2325.0,15.0,8717.0
1150415,3018,隆銘綠能,16086.0,175825.0,10.8,11.25,10.8,10.9,0.0,119.0
1150415,3019,亞光,4703046.0,605226302.0,133.5,133.5,126.0,127.0,-4.0,5394.0
1150415,3021,鴻名,171433.0,2906611.0,17.1,17.1,16.8,16.9,-0.15,113.0
1150415,3022,威強電,762253.0,51761007.0,68.0,68.4,67.2,67.4,-0.2,734.0
1150415,3023,信邦,1292075.0,348741283.0,271.5,273.5,267.5,268.5,0.5,1679.0
1150415,3024,憶聲,1897873.0,19045883.0,10.1,10.15,10.0,10.05,0.0,537.0
1150415,3025,星通,761474.0,48832378.0,63.5,65.0,63.0,63.9,1.0,931.0
1150415,3026,禾伸堂,3592180.0,806909820.0,228.0,229.0,222.5,223.0,-6.5,4423.0
1150415,3027,盛達,419845.0,8170562.0,19.4,19.8,19.3,19.4,0.1,348.0
1150415,3028,增你強,10697479.0,697961592.0,68.0,68.9,62.8,62.9,-1.2,7870.0
1150415,3029,零壹,1333996.0,130099633.0,98.5,99.0,96.8,97.1,-1.2,1831.0
1150415,3030,德律,5788121.0,1780192626.0,303.0,314.5,300.0,308.0,5.0,6924.0
1150415,3031,佰鴻,18276231.0,584272957.0,31.5,33.1,30.25,32.35,1.25,9861.0
1150415,3032,偉訓,843031.0,51314735.0,60.9,61.7,60.4,60.4,-0.9,862.0
1150415,3033,威健,3866312.0,131973221.0,34.8,34.8,33.1,33.9,-0.55,2685.0
1150415,3034,聯詠,4513506.0,1829866060.0,401.0,410.0,401.0,405.0,6.5,6975.0
1150415,3035,智原,3546168.0,535568023.0,154.5,155.0,149.0,149.5,-3.5,3730.0
1150415,3036,文曄,6764395.0,1556783165.0,231.5,233.5,228.0,229.5,2.0,6493.0
1150415,3037,欣興,8044362.0,4959383226.0,600.0,629.0,600.0,618.0,21.0,7814.0
1150415,3038,全台,1858441.0,42324208.0,22.8,23.05,22.1,22.95,0.3,1017.0
1150415,3040,遠見,111145.0,5197126.0,47.1,47.6,46.1,46.4,-0.7,233.0
1150415,3041,揚智,673830.0,14997746.0,22.6,22.6,22.0,22.0,-0.25,606.0
1150415,3042,晶技,20829776.0,2694149877.0,133.0,133.0,125.0,130.5,-3.0,14434.0
1150415,3043,科風,50548.0,983572.0,19.4,19.6,19.35,19.4,0.05,515.0
1150415,3044,健鼎,10265314.0,4139865218.0,391.0,416.5,385.5,402.0,20.5,11637.0
1150415,3045,台灣大,7576249.0,832291495.0,110.0,110.0,109.5,110.0,0.0,3544.0
1150415,3046,建碁,260460.0,12701747.0,49.3,49.3,48.5,48.7,0.0,187.0
1150415,3047,訊舟,1269365.0,20099156.0,15.8,16.0,15.65,16.0,0.3,1068.0
1150415,3048,益登,8499721.0,344167853.0,39.5,41.7,39.4,39.85,0.85,5141.0
1150415,3049,精金,7250785.0,85952593.0,11.7,12.2,11.65,11.75,0.05,2920.0
1150415,3050,鈺德,610834.0,8073647.0,13.1,13.3,13.1,13.3,0.2,671.0
1150415,3051,力特,968140.0,20013778.0,20.9,21.0,20.35,20.6,0.0,687.0
1150415,3052,夆典,781043.0,8608783.0,11.05,11.1,11.0,11.05,0.05,282.0
1150415,3054,立萬利,550710.0,38001659.0,72.2,72.3,66.2,66.6,-4.2,687.0
1150415,3055,蔚華科,243972.0,15226739.0,62.3,63.0,61.9,62.6,1.6,254.0
1150415,3056,富華新,1436362.0,21205297.0,14.75,14.95,14.65,14.75,0.0,906.0
1150415,3057,喬鼎,1279582.0,24741846.0,18.7,20.35,18.05,19.0,0.25,1272.0
1150415,3058,立德,904512.0,8218281.0,9.12,9.19,9.05,9.05,-0.07,769.0
1150415,3059,華晶科,1846495.0,68079754.0,37.2,37.45,36.6,36.6,-0.3,1222.0
1150415,3060,銘異,5361273.0,170650925.0,31.75,32.6,31.1,31.45,0.25,3649.0
1150415,3062,建漢,13472583.0,415255049.0,31.3,31.65,30.3,30.7,-0.75,7060.0
1150415,3090,日電貿,12097970.0,1305200929.0,111.0,112.0,105.0,107.0,0.5,9068.0
1150415,3092,鴻碩,1281082.0,46567264.0,36.35,36.35,36.35,36.35,3.3,640.0
1150415,3094,聯傑,366936.0,8479381.0,23.05,23.35,22.9,22.9,0.05,274.0
1150415,3130,一零四,44341.0,9808118.0,221.0,222.0,220.5,221.0,0.0,145.0
1150415,3135,凌航,2057129.0,261041316.0,129.0,129.0,125.0,125.0,1.5,1834.0
1150415,3138,耀登,3191684.0,574740735.0,178.5,186.0,175.0,176.5,0.0,3273.0
1150415,3149,正達,4444611.0,188908560.0,43.7,43.7,41.65,42.0,-1.0,3351.0
1150415,3150,鈺寶-創,52053.0,971198.0,18.9,18.95,18.4,18.55,0.1,94.0
1150415,3164,景岳,72167.0,1304629.0,17.95,18.2,17.95,18.0,0.05,122.0
1150415,3167,大量,711123.0,501217201.0,707.0,716.0,691.0,701.0,29.0,1545.0
1150415,3168,眾福科,313637.0,15119055.0,47.05,49.25,46.8,48.5,1.45,257.0
1150415,3189,景碩,42021402.0,16224247651.0,376.5,399.0,363.5,383.5,12.5,45759.0
1150415,3209,全科,4562935.0,211096755.0,46.3,47.2,45.25,46.0,-0.3,3178.0
1150415,3229,晟鈦,986001.0,24374550.0,24.55,26.3,24.0,25.45,0.95,589.0
1150415,3231,緯創,39441685.0,5313533855.0,137.5,138.0,132.0,133.0,-3.5,27569.0
1150415,3257,虹冠電,289290.0,15547486.0,53.3,54.1,53.3,53.4,0.2,302.0
1150415,3266,昇陽,84119.0,1159909.0,13.95,13.95,13.55,13.75,-0.15,72.0
1150415,3296,勝德,33136.0,719373.0,21.55,21.8,21.55,21.7,0.2,71.0
1150415,3305,昇貿,8407771.0,1011890808.0,122.0,122.5,118.5,119.0,-0.5,6904.0
1150415,3308,聯德,133350.0,2800558.0,21.25,21.45,20.4,20.75,-0.05,221.0
1150415,3311,閎暉,162802.0,5352864.0,33.0,33.25,32.6,33.0,0.2,156.0
1150415,3312,弘憶股,2069763.0,84268433.0,40.5,41.5,40.2,40.45,0.45,2420.0
1150415,3321,同泰,117723.0,1870779.0,16.0,16.2,15.8,15.9,-0.1,214.0
1150415,3338,泰碩,2790700.0,178056792.0,64.9,65.6,61.6,65.0,3.4,2756.0
1150415,3346,麗清,370925.0,6760304.0,18.2,18.55,18.1,18.2,0.15,595.0
1150415,3356,奇偶,1583177.0,84419395.0,52.8,54.3,52.2,52.6,0.8,1754.0
1150415,3376,新日興,8275321.0,1614863645.0,198.5,200.5,191.5,192.0,-6.5,9602.0
1150415,3380,明泰,5279067.0,204062596.0,38.5,39.15,38.0,38.9,0.7,3505.0
1150415,3406,玉晶光,3476797.0,1803305414.0,538.0,544.0,506.0,509.0,-9.0,6011.0
1150415,3413,京鼎,2001960.0,635179248.0,326.5,326.5,312.5,315.0,-7.0,4268.0
1150415,3416,融程電,656977.0,103684760.0,161.5,161.5,156.5,158.5,-3.0,960.0
1150415,3419,譁裕,639228.0,9066465.0,14.15,14.7,13.85,14.25,0.2,348.0
1150415,3432,台端,76886.0,1253712.0,16.25,16.45,16.2,16.35,0.1,39.0
1150415,3437,榮創,15773318.0,389474737.0,23.4,25.2,23.35,25.2,2.25,6874.0
1150415,3443,創意,3760881.0,11836705105.0,3150.0,3225.0,3070.0,3070.0,20.0,10131.0
1150415,3447,展達,342679.0,13537846.0,39.45,40.0,38.85,39.8,0.9,260.0
1150415,3450,聯鈞,25212454.0,8550163869.0,324.0,345.5,323.5,345.5,31.0,23788.0
1150415,3481,群創,490740497.0,13590523763.0,27.6,28.3,27.0,27.6,0.35,130278.0
1150415,3494,誠研,78475.0,653008.0,8.28,8.38,8.2,8.3,0.07,85.0
1150415,3501,維熹,142418.0,6859708.0,47.85,48.45,47.8,48.15,0.4,240.0
1150415,3504,揚明光,1410821.0,86664806.0,60.6,62.8,60.4,61.0,0.2,1223.0
1150415,3515,華擎,554956.0,123529563.0,223.5,225.0,220.5,221.5,0.0,828.0
1150415,3518,柏騰,1446793.0,33853970.0,22.5,24.0,22.5,23.85,1.7,957.0
1150415,3528,安馳,195642.0,13906118.0,71.7,72.2,70.5,70.5,-0.8,220.0
1150415,3530,晶相光,196626.0,12032541.0,61.2,62.3,60.5,60.6,-0.6,330.0
1150415,3532,台勝科,11298928.0,2176423343.0,181.5,196.5,181.5,193.5,14.5,9254.0
1150415,3533,嘉澤,1774965.0,4204714375.0,2295.0,2435.0,2280.0,2375.0,150.0,4656.0
1150415,3535,晶彩科,3904773.0,502791253.0,128.5,130.5,127.5,129.0,-0.5,3902.0
1150415,3543,州巧,2161139.0,95007785.0,45.5,45.6,43.05,43.6,-1.5,1490.0
1150415,3545,敦泰,905556.0,44435656.0,49.75,49.75,48.5,48.5,-0.55,1414.0
1150415,3550,聯穎,2465201.0,49355182.0,20.5,20.5,19.75,19.8,-0.15,1928.0
1150415,3557,嘉威,84470.0,2647923.0,31.6,31.9,31.0,31.2,-0.35,89.0
1150415,3563,牧德,2577620.0,2373561479.0,917.0,944.0,904.0,921.0,11.0,5143.0
1150415,3576,聯合再生,48189130.0,738660177.0,14.3,16.9,14.3,16.9,1.5,14665.0
1150415,3583,辛耘,1898198.0,1315270519.0,690.0,705.0,670.0,700.0,17.0,4147.0
1150415,3588,通嘉,284787.0,15218729.0,53.2,54.0,52.8,53.3,0.1,330.0
1150415,3591,艾笛森,7966197.0,189428206.0,23.1,24.75,22.9,24.05,1.35,4538.0
1150415,3592,瑞鼎,440756.0,101186290.0,230.5,231.0,228.5,228.5,-1.5,1494.0
1150415,3593,力銘,276991.0,5174842.0,17.5,19.5,17.4,18.6,0.7,1749.0
1150415,3596,智易,2152828.0,378659635.0,173.5,178.0,173.0,176.0,4.5,2093.0
1150415,3605,宏致,2223679.0,143667347.0,65.9,66.5,63.6,63.8,-1.2,1629.0
1150415,3607,谷崧,335993.0,5005467.0,15.0,15.05,14.8,14.9,-0.05,371.0
1150415,3617,碩天,562785.0,104749482.0,181.5,189.5,181.5,188.0,8.5,1028.0
1150415,3622,洋華,321894.0,18153770.0,55.8,56.8,55.8,56.2,0.7,312.0
1150415,3645,達邁,26352454.0,2396493704.0,89.3,93.6,87.3,93.5,4.6,18052.0
1150415,3652,精聯,36688.0,1016200.0,27.65,27.8,27.45,27.75,0.1,56.0
1150415,3653,健策,1185531.0,4859658685.0,4015.0,4160.0,3980.0,4155.0,155.0,5117.0
1150415,3661,世芯-KY,1849245.0,6046491035.0,3280.0,3325.0,3200.0,3210.0,10.0,10949.0
1150415,3665,貿聯-KY,2474167.0,5823108150.0,2330.0,2410.0,2300.0,2350.0,55.0,5386.0
1150415,3669,圓展,179854.0,7059143.0,38.7,40.0,38.7,39.05,0.45,210.0
1150415,3673,TPK-KY,14998762.0,990764306.0,64.5,66.5,64.4,66.5,6.0,4871.0
1150415,3679,新至陞,105674.0,12844428.0,121.5,122.0,121.0,122.0,0.5,86.0
1150415,3686,達能,321904.0,5731397.0,17.4,18.5,17.4,18.1,0.85,306.0
1150415,3694,海華,1024772.0,62262105.0,61.7,62.0,60.1,60.2,-0.9,844.0
1150415,3701,大眾控,14237327.0,916670212.0,62.5,67.4,61.0,64.3,2.3,10282.0
1150415,3702,大聯大,26216643.0,2582765991.0,99.8,100.5,96.7,97.5,1.0,15480.0
1150415,3703,欣陸,1261229.0,27848425.0,22.3,22.3,22.0,22.1,-0.15,682.0
1150415,3704,合勤控,3981374.0,146061371.0,36.9,37.0,36.2,36.65,0.55,2383.0
1150415,3705,永信,240973.0,13393882.0,55.7,55.9,55.4,55.4,-0.3,245.0
1150415,3706,神達,13082679.0,1085300570.0,83.6,84.6,81.8,82.0,-0.4,11989.0
1150415,3708,上緯投控,765762.0,87964229.0,117.0,118.0,113.0,113.5,-3.0,861.0
1150415,3711,日月光投控,30888147.0,13815468711.0,431.5,460.0,431.0,446.5,22.5,28950.0
1150415,3712,永崴投控,2323797.0,43188866.0,18.0,19.4,17.75,18.15,0.45,1887.0
1150415,3714,富采,7553838.0,521969907.0,69.1,69.1,69.1,69.1,6.2,4181.0
1150415,3715,定穎投控,27880761.0,5247766648.0,189.0,192.0,185.0,185.5,-1.0,23629.0
1150415,3716,中化控股,184945.0,6058905.0,32.7,32.9,32.7,32.9,0.25,229.0
1150415,3717,聯嘉投控,1186888.0,26017703.0,22.05,22.3,21.7,21.85,0.0,688.0
1150415,4104,佳醫,249772.0,19676918.0,78.7,79.0,78.6,78.6,0.0,562.0
1150415,4106,雃博,94743.0,2121976.0,22.3,22.45,22.3,22.45,0.15,108.0
1150415,4108,懷特,276385.0,3395096.0,12.25,12.4,12.2,12.3,0.05,208.0
1150415,4119,旭富,208991.0,10459733.0,50.4,50.4,49.9,50.0,-0.4,255.0
1150415,4133,亞諾法,111767.0,2531880.0,22.55,22.75,22.35,22.6,0.05,144.0
1150415,4137,麗豐-KY,113305.0,12332166.0,108.5,110.0,108.0,109.5,1.0,150.0
1150415,4142,國光生,1341539.0,24715632.0,18.25,18.55,18.25,18.45,0.25,687.0
1150415,4148,全宇生技-KY,86184.0,3352115.0,39.5,39.7,38.35,38.85,-0.8,98.0
1150415,4155,訊映,179177.0,2354298.0,13.2,13.2,13.05,13.15,0.0,255.0
1150415,4164,承業醫,537873.0,16638150.0,30.9,31.15,30.75,30.9,0.05,434.0
1150415,4169,泰宗,419389.0,64777980.0,154.5,156.0,152.0,155.5,5.5,339.0
1150415,4190,佐登-KY,37821.0,1030403.0,27.5,27.5,27.1,27.3,0.15,139.0
1150415,4306,炎洲,1152516.0,15974582.0,14.1,14.1,13.8,13.85,-0.2,814.0
1150415,4414,如興,466681.0,5202569.0,11.25,11.4,11.05,11.05,-0.2,370.0
1150415,4426,利勤,161279.0,1377357.0,8.53,8.62,8.49,8.58,0.05,98.0
1150415,4438,廣越,49027.0,2838797.0,58.5,58.5,57.5,57.6,0.1,66.0
1150415,4439,冠星-KY,36160.0,3531745.0,97.5,98.1,96.7,98.0,0.5,34.0
1150415,4440,宜新實業,79305.0,1418915.0,17.6,18.1,17.6,17.85,0.3,74.0
1150415,4441,振大環球,80529.0,15610389.0,192.0,197.0,191.0,192.5,0.5,267.0
1150415,4526,東台,1843075.0,63584650.0,35.05,35.2,34.1,34.2,-0.35,2585.0
1150415,4532,瑞智,1225798.0,29637841.0,24.15,24.35,24.05,24.05,-0.1,699.0
1150415,4536,拓凱,174540.0,27057550.0,155.0,156.0,154.0,154.5,0.5,239.0
1150415,4540,全球傳動,15389363.0,820381511.0,54.5,55.0,51.9,53.4,1.5,11938.0
1150415,4545,銘鈺,146951.0,4591806.0,31.5,31.6,30.95,31.25,0.25,284.0
1150415,4551,智伸科,456306.0,62855246.0,140.0,140.5,136.0,136.5,-1.5,746.0
1150415,4552,力達-KY,77848.0,1679491.0,21.5,21.7,21.5,21.7,0.25,230.0
1150415,4555,氣立,523920.0,20316687.0,39.35,39.65,38.1,38.5,0.3,486.0
1150415,4557,永新-KY,95044.0,5083788.0,53.5,53.8,53.1,53.6,0.1,191.0
1150415,4560,強信-KY,146000.0,4866850.0,33.75,33.75,33.1,33.3,0.0,61.0
1150415,4562,穎漢,4790624.0,176818058.0,37.6,37.6,35.1,37.6,3.4,3030.0
1150415,4564,元翎,950627.0,18024225.0,19.1,19.2,18.75,19.2,0.1,541.0
1150415,4566,時碩工業,2967455.0,210745942.0,73.0,73.9,69.1,70.4,-2.2,3005.0
1150415,4569,六方科-KY,524269.0,100562035.0,187.0,193.5,187.0,193.5,17.5,382.0
1150415,4571,鈞興-KY,276100.0,44156857.0,162.0,162.5,158.0,160.0,2.5,416.0
1150415,4572,駐龍,41320.0,5953952.0,144.0,147.0,143.0,144.0,0.5,158.0
1150415,4576,大銀微系統,10180407.0,1975363016.0,196.5,200.5,187.5,193.5,1.0,9632.0
1150415,4581,光隆精密-KY,26020.0,1306108.0,50.4,50.5,50.0,50.2,0.3,16.0
1150415,4583,台灣精銳,720970.0,520391263.0,698.0,742.0,690.0,742.0,59.0,2215.0
1150415,4585,達明,718577.0,232203048.0,327.0,333.0,314.5,315.0,-4.5,1520.0
1150415,4588,玖鼎電力,80924.0,4932230.0,61.2,62.0,60.4,60.8,0.0,108.0
1150415,4590,富田-創,200772.0,15311055.0,77.9,77.9,75.7,76.1,0.0,158.0
1150415,4720,德淵,15210771.0,323729008.0,20.0,22.15,19.9,22.15,1.6,6560.0
1150415,4722,國精化,3643183.0,667971183.0,185.0,189.0,179.5,182.0,-1.0,3432.0
1150415,4736,泰博,138794.0,17478156.0,127.0,127.0,125.0,125.5,-1.0,181.0
1150415,4737,華廣,276422.0,18575253.0,68.1,68.8,66.0,68.6,-0.1,241.0
1150415,4739,康普,3959509.0,348300159.0,90.0,90.9,86.3,87.4,-1.5,3323.0
1150415,4746,台耀,931427.0,49363585.0,52.3,53.5,52.3,53.1,0.9,920.0
1150415,4755,三福化,1506786.0,224033108.0,146.5,154.5,143.5,152.0,7.5,1299.0
1150415,4763,材料*-KY,9088010.0,413738902.0,42.2,46.1,42.2,46.1,4.15,3510.0
1150415,4764,雙鍵,13016642.0,2550144885.0,187.0,205.0,177.0,195.5,8.0,10389.0
1150415,4766,南寶,1569155.0,557309461.0,363.0,364.5,349.0,349.0,-8.0,2774.0
1150415,4770,上品,317958.0,72706636.0,229.0,233.0,226.0,226.0,-2.5,513.0
1150415,4771,望隼,134651.0,25791555.0,189.5,193.0,189.5,191.5,2.0,168.0
1150415,4807,日成-KY,126431.0,1917028.0,15.15,15.35,15.0,15.05,-0.05,274.0
1150415,4904,遠傳,7025877.0,667704778.0,94.9,95.7,94.6,95.3,1.0,4289.0
1150415,4906,正文,42468710.0,1648783081.0,39.3,39.75,37.8,39.55,0.25,22723.0
1150415,4912,聯德控股-KY,274106.0,24413368.0,89.0,89.8,88.4,88.5,-0.1,361.0
1150415,4915,致伸,2091577.0,154340065.0,73.7,74.4,73.3,74.0,0.7,1675.0
1150415,4916,事欣科,4708888.0,281778357.0,59.1,60.8,58.7,60.3,1.9,3510.0
1150415,4919,新唐,39929054.0,4443097828.0,112.5,116.5,107.0,107.0,-3.5,26238.0
1150415,4927,泰鼎-KY,23599765.0,1170959265.0,52.0,53.7,47.55,47.75,-2.95,13798.0
1150415,4930,燦星網,143914.0,2756132.0,19.3,19.3,19.0,19.25,0.0,238.0
1150415,4934,太極,1831876.0,30340738.0,16.15,16.95,16.15,16.6,0.5,1011.0
1150415,4935,茂林-KY,100246.0,3642647.0,36.5,36.95,35.95,36.0,-0.45,102.0
1150415,4938,和碩,11053840.0,870062451.0,78.9,79.5,78.1,78.8,0.3,6011.0
1150415,4942,嘉彰,102031.0,3902020.0,38.2,38.45,38.1,38.2,0.05,101.0
1150415,4943,康控-KY,30259.0,309122.0,10.05,10.55,10.05,10.2,-0.55,38.0
1150415,4949,有成精密,9746316.0,877913493.0,92.0,93.9,88.2,89.0,-3.3,7000.0
1150415,4952,凌通,324084.0,13609389.0,42.4,42.55,41.6,41.75,-0.35,367.0
1150415,4956,光鋐,6228242.0,284907350.0,45.1,45.95,44.3,45.95,4.15,2535.0
1150415,4958,臻鼎-KY,23351170.0,5921625013.0,253.5,259.5,247.0,251.5,0.0,22972.0
1150415,4960,誠美材,32829171.0,917601391.0,26.5,28.05,26.45,28.05,2.55,8622.0
1150415,4961,天鈺,1144517.0,174899576.0,154.5,155.5,150.5,151.0,-2.0,1311.0
1150415,4967,十銓,5224123.0,1149015257.0,226.0,227.0,214.5,216.0,-5.0,8116.0
1150415,4968,立積,856232.0,91695791.0,107.5,108.5,106.0,106.0,0.0,875.0
1150415,4976,佳凌,924980.0,27926491.0,30.6,31.0,29.65,29.7,-0.15,1018.0
1150415,4977,眾達-KY,13598289.0,2674565789.0,190.0,202.5,189.0,195.0,6.5,12969.0
1150415,4989,榮科,18803101.0,1839486319.0,96.2,98.3,96.0,98.3,8.9,7683.0
1150415,4994,傳奇,68861.0,6795043.0,99.5,101.5,96.0,96.0,-3.5,308.0
1150415,4999,鑫禾,111624.0,2337207.0,20.9,21.05,20.8,20.95,0.05,330.0
1150415,5007,三星,35425.0,2048683.0,58.1,58.1,57.4,57.6,-0.5,77.0
1150415,5203,訊連,166421.0,10629249.0,63.1,64.1,63.1,63.9,0.9,1182.0
1150415,5215,科嘉-KY,80492.0,3066658.0,38.0,38.25,37.95,37.95,0.05,94.0
1150415,5222,全訊,688374.0,90501050.0,133.0,133.5,130.0,130.0,-1.0,1813.0
1150415,5225,東科-KY,324861.0,25233546.0,77.9,78.4,77.2,77.5,-0.2,312.0
1150415,5234,達興材料,1598451.0,670465423.0,410.0,426.5,407.0,420.0,17.5,2912.0
1150415,5243,乙盛-KY,2857607.0,366559286.0,129.0,135.0,123.0,123.5,-3.5,2953.0
1150415,5244,弘凱,3709336.0,153247655.0,39.55,42.9,39.35,41.35,2.3,2995.0
1150415,5258,虹堡,657999.0,31963297.0,48.3,49.05,48.15,48.25,0.6,711.0
1150415,5269,祥碩,893791.0,1058095675.0,1215.0,1215.0,1170.0,1175.0,-15.0,3290.0
1150415,5283,禾聯碩,116236.0,6375007.0,55.0,55.1,54.4,55.0,0.0,328.0
1150415,5284,jpp-KY,3015491.0,966267762.0,307.0,328.0,305.5,325.5,20.0,4367.0
1150415,5285,界霖,166749.0,8552944.0,52.2,52.2,50.7,51.5,-0.3,344.0
1150415,5288,豐祥-KY,1798309.0,291202815.0,176.5,177.0,154.5,165.5,-6.0,1720.0
1150415,5292,華懋,513201.0,119687596.0,220.0,238.5,220.0,238.5,21.5,674.0
1150415,5306,桂盟,108103.0,9155486.0,85.8,85.8,84.3,84.7,0.0,196.0
1150415,5388,中磊,3461827.0,285705018.0,81.8,83.3,81.7,82.5,0.8,2401.0
1150415,5434,崇越,1173655.0,479576990.0,401.0,413.5,398.0,412.0,11.0,1861.0
1150415,5469,瀚宇博,3438938.0,314811038.0,93.7,93.7,90.4,90.4,-2.0,6095.0
1150415,5471,松翰,520434.0,21516247.0,41.5,41.9,40.8,41.2,-0.1,578.0
1150415,5484,慧友,290048.0,11481318.0,39.8,40.55,39.0,39.2,-0.3,312.0
1150415,5515,建國,1517551.0,66108852.0,43.6,44.15,42.75,43.95,0.75,1370.0
1150415,5519,隆大,390076.0,12971753.0,33.3,33.4,33.1,33.4,0.1,342.0
1150415,5521,工信,7134213.0,87794338.0,12.5,12.7,12.05,12.3,-0.1,2339.0
1150415,5522,遠雄,821052.0,58068328.0,71.0,71.5,70.0,70.1,-0.9,1050.0
1150415,5525,順天,97266.0,2453652.0,25.25,25.4,25.05,25.3,0.05,108.0
1150415,5531,鄉林,592501.0,5213260.0,8.77,8.83,8.76,8.83,0.03,260.0
1150415,5533,皇鼎,111138.0,1620372.0,14.55,14.65,14.5,14.55,-0.05,79.0
1150415,5534,長虹,1496440.0,122468788.0,81.9,82.7,80.8,81.8,1.0,1731.0
1150415,5538,東明-KY,74071.0,2331248.0,31.75,32.25,31.15,31.55,0.05,54.0
1150415,5546,永固-KY,21078.0,352773.0,16.75,17.15,16.3,16.95,0.2,23.0
1150415,5607,遠雄港,743318.0,36519555.0,48.25,49.65,48.1,48.8,1.0,524.0
1150415,5608,四維航,1982090.0,32787394.0,16.3,16.75,16.3,16.45,0.3,957.0
1150415,5706,鳳凰,504114.0,26481235.0,52.4,53.1,52.2,52.3,-0.2,1064.0
1150415,5871,中租-KY,12198440.0,1418577516.0,113.5,117.5,113.5,116.5,3.5,7707.0
1150415,5871A,中租-KY甲特,20455.0,2086182.0,102.0,102.0,102.0,102.0,0.0,20.0
1150415,5876,上海商銀,5554811.0,219295639.0,39.65,39.65,39.35,39.6,-0.05,2332.0
1150415,5880,合庫金,14976264.0,357070108.0,24.0,24.0,23.7,23.85,-0.05,7308.0
1150415,5906,台南-KY,5000.0,246750.0,48.95,50.4,48.5,50.4,1.45,5.0
1150415,5907,大洋-KY,323050.0,1849086.0,5.68,5.8,5.64,5.64,-0.08,164.0
1150415,6005,群益證,15615178.0,436504981.0,28.0,28.3,27.65,28.1,0.15,5440.0
1150415,6024,群益期,210500.0,11934886.0,56.5,56.9,56.5,56.7,0.2,244.0
1150415,6108,競國,713572.0,12447101.0,17.8,17.8,17.25,17.35,-0.1,1182.0
1150415,6112,邁達特,424643.0,20061090.0,47.3,47.8,47.0,47.0,0.05,432.0
1150415,6115,鎰勝,138592.0,6596776.0,47.6,47.7,47.5,47.65,0.05,178.0
1150415,6116,彩晶,28283903.0,252531706.0,8.91,9.04,8.8,8.94,0.08,7526.0
1150415,6117,迎廣,813960.0,65751847.0,79.9,82.8,79.3,80.5,0.7,726.0
1150415,6120,達運,8817961.0,134258589.0,15.3,15.4,15.0,15.25,0.2,4499.0
1150415,6128,上福,215534.0,4559700.0,21.35,21.4,20.9,20.9,-0.4,154.0
1150415,6133,金橋,2530572.0,60417196.0,24.0,24.45,23.4,23.45,-0.45,1693.0
1150415,6136,富爾特,226680.0,5581420.0,24.55,24.8,24.5,24.6,0.05,551.0
1150415,6139,亞翔,5944405.0,3808263698.0,650.0,662.0,620.0,629.0,-6.0,13436.0
1150415,6141,柏承,2746527.0,69135573.0,23.5,25.85,23.25,25.85,2.35,1316.0
1150415,6142,友勁,670228.0,6168802.0,9.22,9.3,9.12,9.16,-0.04,318.0
1150415,6152,百一,4377650.0,78220064.0,18.2,18.3,17.5,17.6,-0.35,1981.0
1150415,6153,嘉聯益,4550569.0,80164053.0,17.6,17.85,17.4,17.65,0.2,1939.0
1150415,6155,鈞寶,6293449.0,320123107.0,50.5,52.9,48.9,48.95,-0.6,5651.0
1150415,6164,華興,1702940.0,21867848.0,12.35,13.1,12.35,12.85,0.55,937.0
1150415,6165,浪凡,353468.0,15934401.0,44.8,45.35,44.6,44.95,0.25,732.0
1150415,6166,凌華,5035977.0,368847759.0,73.0,77.3,71.1,71.7,-0.6,4069.0
1150415,6168,宏齊,21287514.0,590928620.0,26.45,28.4,26.35,28.0,1.85,11171.0
1150415,6176,瑞儀,3791330.0,337876403.0,88.7,90.2,88.0,89.7,1.2,3162.0
1150415,6177,達麗,909425.0,42062182.0,46.15,46.9,45.9,46.3,0.4,759.0
1150415,6183,關貿,48212.0,4536064.0,93.7,94.3,93.7,94.1,0.9,349.0
1150415,6184,大豐電,64887.0,3095711.0,47.65,47.8,47.6,47.7,0.05,74.0
1150415,6189,豐藝,621454.0,29223453.0,47.2,47.4,46.6,47.0,-0.2,806.0
1150415,6191,精成科,13290483.0,1386819737.0,107.5,108.0,102.0,102.0,-2.5,11361.0
1150415,6192,巨路,296380.0,35683921.0,120.0,121.5,119.0,120.0,0.5,335.0
1150415,6196,帆宣,4787408.0,1663560559.0,338.0,360.0,334.0,353.0,22.0,6470.0
1150415,6197,佳必琪,3279318.0,593169795.0,180.0,183.5,179.0,180.0,0.5,3241.0
1150415,6201,亞弘電,43027.0,2172020.0,50.9,50.9,50.0,50.0,-0.9,109.0
1150415,6202,盛群,2772541.0,144146726.0,51.5,53.1,51.2,52.0,1.1,2335.0
1150415,6205,詮欣,4988906.0,341700105.0,70.0,70.0,66.2,69.0,0.5,3412.0
1150415,6206,飛捷,514852.0,53411644.0,104.0,105.0,103.0,103.0,0.0,483.0
1150415,6209,今國光,5938024.0,371602947.0,64.5,64.6,61.2,61.3,-1.5,9197.0
1150415,6213,聯茂,53921114.0,12357382379.0,228.0,235.5,220.5,229.5,5.5,54755.0
1150415,6214,精誠,977068.0,116401355.0,119.0,120.0,118.0,119.5,1.0,998.0
1150415,6215,和椿,2517685.0,268491757.0,109.5,110.5,104.5,105.0,-1.5,2372.0
1150415,6216,居易,133030.0,3346632.0,25.1,25.3,25.0,25.1,0.0,304.0
1150415,6224,聚鼎,4102755.0,234094979.0,54.5,57.8,53.3,57.7,5.1,4072.0
1150415,6225,天瀚,16707.0,305778.0,18.45,18.45,18.2,18.3,0.1,21.0
1150415,6226,光鼎,2022428.0,26101174.0,12.55,13.25,12.35,12.8,0.25,1309.0
1150415,6230,尼得科超眾,233119.0,36879113.0,153.5,163.0,153.0,161.0,9.5,781.0
1150415,6235,華孚,710537.0,32228359.0,45.15,45.75,45.05,45.3,0.2,550.0
1150415,6239,力成,15742313.0,3333265813.0,218.5,218.5,207.0,210.0,-7.5,18731.0
1150415,6243,迅杰,215182.0,6622314.0,30.3,31.0,30.3,30.95,0.75,1677.0
1150415,6257,矽格,17674328.0,3164284798.0,181.5,184.5,174.5,179.0,-3.0,16162.0
1150415,6269,台郡,2634846.0,162466361.0,62.2,62.6,61.0,61.3,-0.4,2013.0
1150415,6271,同欣電,25038649.0,4531581007.0,177.5,188.0,170.5,183.0,7.0,19684.0
1150415,6272,驊陞,389718.0,12250409.0,31.05,32.1,31.0,31.95,1.05,250.0
1150415,6277,宏正,479933.0,33536648.0,71.6,71.6,69.2,69.3,-1.4,446.0
1150415,6278,台表科,33365776.0,4412753556.0,127.0,137.5,122.0,137.0,12.0,19925.0
1150415,6281,全國電,83343.0,4378565.0,52.0,52.8,52.0,52.7,0.7,115.0
1150415,6282,康舒,103055185.0,5291274896.0,52.8,53.4,49.65,51.0,0.6,54582.0
1150415,6283,淳安,263473.0,5850656.0,22.1,22.65,22.0,22.1,0.35,206.0
1150415,6285,啟碁,51673590.0,12318063536.0,231.0,245.0,230.0,243.0,19.0,43647.0
1150415,6405,悅城,885985.0,32118523.0,35.4,36.85,35.35,36.25,0.85,734.0
1150415,6409,旭隼,1540106.0,1193127690.0,735.0,801.0,733.0,801.0,72.0,3381.0
1150415,6412,群電,1445609.0,113736464.0,80.6,80.6,77.9,77.9,-2.1,1675.0
1150415,6414,樺漢,1272827.0,373403605.0,295.0,295.5,290.5,294.5,0.5,2279.0
1150415,6415,矽力*-KY,3455557.0,951562765.0,272.5,279.0,272.0,275.0,5.5,4254.0
1150415,6416,瑞祺電通,191564.0,15352036.0,79.7,80.6,79.7,80.6,1.5,210.0
1150415,6426,統新,4148245.0,836055914.0,199.0,209.0,194.5,197.5,-1.5,4373.0
1150415,6431,光麗-KY,149573.0,3180904.0,21.95,21.95,21.0,21.3,-0.65,115.0
1150415,6438,迅得,2134803.0,377731002.0,180.5,181.5,175.0,176.0,-4.0,2985.0
1150415,6442,光聖,4826472.0,10389641790.0,2160.0,2220.0,2080.0,2090.0,15.0,13803.0
1150415,6443,元晶,18964431.0,741442822.0,37.45,40.7,37.45,40.7,3.7,14011.0
1150415,6446,藥華藥,1295665.0,841236428.0,647.0,654.0,644.0,650.0,8.0,2264.0
1150415,6449,鈺邦,1670639.0,294066804.0,175.5,182.0,170.0,176.0,3.5,1621.0
1150415,6451,訊芯-KY,914993.0,422218059.0,467.0,470.0,456.0,456.0,-20.0,1735.0
1150415,6456,GIS-KY,38149141.0,2559555618.0,66.2,70.1,62.1,70.1,6.3,20082.0
1150415,6464,台數科,36536.0,2800593.0,76.8,77.2,76.1,76.3,-0.5,102.0
1150415,6472,保瑞,773853.0,328157328.0,420.0,428.0,418.0,426.0,7.0,1670.0
1150415,6477,安集,1054528.0,36410825.0,33.65,35.2,33.65,34.4,0.9,903.0
1150415,6491,晶碩,341979.0,99141891.0,292.0,292.0,288.0,291.5,3.0,474.0
1150415,6504,南六,24213.0,1008767.0,41.1,42.0,41.1,41.8,0.0,40.0
1150415,6505,台塑化,13718659.0,748997621.0,56.2,56.2,53.9,54.4,-1.8,9499.0
1150415,6515,穎崴,343049.0,3085966295.0,8730.0,9150.0,8730.0,9065.0,595.0,4008.0
1150415,6525,捷敏-KY,720694.0,63223116.0,86.8,89.3,86.4,86.8,1.0,676.0
1150415,6526,達發,650014.0,321623306.0,501.0,502.0,486.0,487.0,-6.0,1491.0
1150415,6531,愛普*,10652549.0,6493755898.0,630.0,652.0,586.0,591.0,-15.0,13107.0
1150415,6533,晶心科,1394133.0,277369122.0,192.5,203.5,192.0,199.0,7.5,2337.0
1150415,6534,正瀚-創,440873.0,45110778.0,97.7,104.0,97.7,102.0,2.7,606.0
1150415,6541,泰福-KY,334093.0,13644338.0,40.6,41.4,40.5,40.75,0.2,287.0
1150415,6550,北極星藥業-KY,1210839.0,21518808.0,18.1,18.1,17.6,17.85,-0.15,825.0
1150415,6552,易華電,322151.0,8888379.0,28.55,28.8,27.15,27.4,0.25,197.0
1150415,6558,興能高,418677.0,12355460.0,29.2,29.8,29.1,29.55,0.55,385.0
1150415,6573,虹揚-KY,195723.0,2409806.0,12.25,12.4,12.2,12.4,0.1,123.0
1150415,6579,研揚,161496.0,18972592.0,118.0,119.0,116.0,116.0,-1.5,196.0
1150415,6581,鋼聯,32036.0,3441353.0,107.5,108.0,106.0,108.0,0.5,35.0
1150415,6582,申豐,80790.0,2658681.0,32.95,33.15,32.6,32.6,-0.35,221.0
1150415,6585,鼎基,92552.0,8542001.0,93.9,94.9,91.1,91.8,-1.1,302.0
1150415,6589,台康生技,817855.0,41844951.0,51.4,51.7,50.5,51.5,0.2,741.0
1150415,6591,動力-KY,266814.0,15434755.0,58.4,58.4,57.5,57.7,-0.1,295.0
1150415,6592,和潤企業,495896.0,31872091.0,63.6,64.6,63.6,64.5,0.6,617.0
1150415,6592A,和潤企業甲特,3249.0,316410.0,97.6,97.6,97.0,97.0,-0.6,24.0
1150415,6592B,和潤企業乙特,67883.0,6645365.0,97.9,98.0,97.8,97.9,-0.1,19.0
1150415,6598,ABC-KY,132354.0,3019539.0,22.6,23.15,22.5,22.8,0.2,163.0
1150415,6605,帝寶,736447.0,96497968.0,133.0,133.0,130.0,130.5,-2.0,956.0
1150415,6606,建德工業,39280.0,956309.0,24.35,24.5,24.25,24.4,0.05,49.0
1150415,6614,資拓宏宇,208580.0,8382468.0,40.0,40.5,39.8,40.2,0.25,150.0
1150415,6625,必應,799528.0,65292630.0,82.5,82.5,81.0,81.6,-0.4,727.0
1150415,6641,基士德-KY,23250.0,427418.0,18.15,18.9,18.15,18.2,0.1,23.0
1150415,6645,金萬林-創,71317.0,940804.0,13.05,13.45,13.0,13.15,0.1,69.0
1150415,6655,科定,8034.0,1081842.0,135.5,135.5,134.5,135.0,1.5,171.0
1150415,6657,華安,344694.0,15356705.0,44.0,45.35,43.4,45.2,1.95,317.0
1150415,6658,聯策,1909583.0,155480621.0,80.4,84.0,79.2,79.4,-0.6,1645.0
1150415,6666,羅麗芬-KY,14422.0,602600.0,41.95,42.2,41.35,41.9,-0.05,24.0
1150415,6668,中揚光,187063.0,6565530.0,34.95,35.3,34.75,35.0,0.35,1099.0
1150415,6669,緯穎,1711999.0,6465592060.0,3830.0,3845.0,3705.0,3720.0,-35.0,12089.0
1150415,6670,復盛應用,255797.0,67440851.0,264.0,265.5,262.0,263.5,0.0,320.0
1150415,6671,三能-KY,49625.0,1619309.0,32.7,33.2,31.95,32.65,0.95,47.0
1150415,6672,騰輝電子-KY,8093295.0,1251338369.0,152.5,158.0,151.0,155.5,4.5,7113.0
1150415,6674,鋐寶科技,32000.0,620900.0,19.2,19.5,19.2,19.2,0.15,16.0
1150415,6689,伊雲谷,446810.0,32572556.0,74.5,74.8,72.0,72.2,-1.8,595.0
1150415,6691,洋基工程,657802.0,421417458.0,642.0,646.0,634.0,638.0,4.0,1470.0
1150415,6695,芯鼎,332933.0,12982822.0,39.0,39.3,38.75,38.85,0.25,343.0
1150415,6698,旭暉應材,208408.0,6367731.0,30.45,30.8,30.3,30.35,-0.1,671.0
1150415,6706,惠特,24198844.0,3648299811.0,144.0,153.0,142.5,149.5,10.0,17827.0
1150415,6715,嘉基,1709735.0,716917928.0,390.0,430.0,388.5,430.0,39.0,1859.0
1150415,6719,力智,364298.0,59035571.0,162.0,164.0,161.0,162.0,1.5,445.0
1150415,6722,輝創,121664.0,4908204.0,39.8,40.85,39.8,40.25,0.35,143.0
1150415,6742,澤米,397910.0,17121547.0,43.55,43.75,42.5,43.05,0.2,792.0
1150415,6743,安普新,210510.0,4974309.0,23.8,24.3,23.35,23.35,-0.2,160.0
1150415,6753,龍德造船,3384504.0,469271321.0,130.0,142.0,129.5,140.0,10.5,3648.0
1150415,6754,匯僑設計,33717.0,1587542.0,47.5,47.6,46.15,47.6,0.6,84.0
1150415,6756,威鋒電子,276913.0,20797132.0,73.1,75.7,73.1,74.6,1.7,479.0
1150415,6757,台灣虎航,628862.0,31367025.0,49.8,50.1,49.7,49.75,0.1,1065.0
1150415,6768,志強-KY,392650.0,32611782.0,83.0,83.5,82.3,83.4,1.5,481.0
1150415,6770,力積電,101747295.0,5525946765.0,55.8,56.2,53.1,53.2,-1.4,59308.0
1150415,6771,平和環保-創,12000.0,534800.0,44.4,44.7,44.4,44.7,0.25,11.0
1150415,6776,展碁國際,536770.0,32968564.0,60.6,62.2,60.6,61.3,0.2,563.0
1150415,6781,AES-KY,848958.0,840805635.0,992.0,998.0,982.0,983.0,7.0,2863.0
1150415,6782,視陽,503784.0,106642529.0,206.5,215.0,206.5,212.5,6.0,790.0
1150415,6789,采鈺,14075947.0,5830584562.0,409.5,429.5,402.0,410.0,3.0,16734.0
1150415,6790,永豐實,178208.0,7183024.0,40.35,40.4,40.2,40.3,-0.05,159.0
1150415,6792,詠業,144096.0,8554082.0,59.6,60.0,58.3,59.8,0.2,119.0
1150415,6794,向榮生技,26292.0,2183569.0,84.5,84.5,82.6,83.1,-0.2,30.0
1150415,6796,晉弘,77796.0,5741647.0,72.1,76.0,71.7,74.0,2.4,97.0
1150415,6799,來頡,272363.0,21539515.0,78.4,80.8,78.0,78.5,1.1,345.0
1150415,6805,富世達,2186493.0,3936899585.0,1760.0,1850.0,1750.0,1825.0,95.0,5898.0
1150415,6806,森崴能源,6655572.0,119211329.0,16.75,20.45,16.75,20.45,1.85,3540.0
1150415,6807,峰源-KY,57278.0,2332059.0,40.8,41.0,40.6,40.7,-0.1,57.0
1150415,6830,汎銓,412793.0,331413472.0,796.0,818.0,783.0,793.0,-7.0,2244.0
1150415,6831,邁科,1518142.0,666063404.0,453.5,458.5,418.0,427.5,-26.0,3783.0
1150415,6834,天二科技,1962944.0,76833329.0,38.55,40.0,38.25,39.0,0.85,1472.0
1150415,6835,圓裕,132487.0,5251189.0,39.85,39.85,39.55,39.75,0.15,93.0
1150415,6838,台新藥,354008.0,11365094.0,31.65,32.55,31.65,31.8,-0.2,229.0
1150415,6854,錼創科技-KY創,1168831.0,186628671.0,165.0,166.0,154.0,157.5,0.5,1755.0
1150415,6861,睿生光電,3298333.0,488372659.0,150.5,153.0,142.0,151.5,6.0,3093.0
1150415,6862,三集瑞-KY,862829.0,166678899.0,198.5,202.0,188.0,189.5,-3.0,1108.0
1150415,6863,永道-KY,70903.0,7089818.0,99.4,101.0,99.0,99.2,-0.2,286.0
1150415,6869,雲豹能源,825933.0,70739634.0,84.9,86.8,84.1,86.0,2.3,975.0
1150415,6873,泓德能源,616961.0,53754724.0,86.9,88.1,86.0,87.5,1.0,707.0
1150415,6885,全福生技,202045.0,4840928.0,23.95,24.2,23.65,24.15,0.2,172.0
1150415,6887,寶綠特-KY,64610.0,2725308.0,42.0,42.7,41.6,42.45,0.5,57.0
1150415,6890,來億-KY,791263.0,123773128.0,153.0,160.0,153.0,156.5,3.5,864.0
1150415,6901,鑽石投資,1790736.0,25966086.0,14.05,14.75,14.05,14.75,0.8,1101.0
1150415,6902,GOGOLOOK,232886.0,19549007.0,77.6,85.4,77.6,85.4,7.7,270.0
1150415,6906,現觀科,81924.0,5464188.0,67.3,67.5,66.1,67.1,0.2,107.0
1150415,6908,宏碁遊戲-創,23768.0,900610.0,37.9,38.1,37.8,37.9,0.0,32.0
1150415,6909,創控,7141257.0,410212471.0,56.8,58.0,55.6,58.0,5.2,3931.0
1150415,6914,阜爾運通,69415.0,10510815.0,151.5,152.5,151.0,151.5,-0.5,121.0
1150415,6916,華凌,52397.0,978949.0,18.3,18.95,18.3,18.8,0.5,62.0
1150415,6918,愛派司,96367.0,7296252.0,74.6,76.9,74.5,75.4,0.9,94.0
1150415,6919,康霈*,4601826.0,491380388.0,109.0,109.0,105.0,107.0,0.0,5179.0
1150415,6921,嘉雨思-創,47741.0,3667254.0,76.0,78.1,76.0,76.1,2.0,49.0
1150415,6923,中台,121645.0,9199060.0,76.1,76.2,75.1,75.8,-0.2,121.0
1150415,6924,榮惠-KY創,37100.0,2963749.0,80.5,81.5,78.1,79.9,0.0,33.0
1150415,6928,攸泰科技,237972.0,11241860.0,47.35,48.2,46.6,48.15,0.8,264.0
1150415,6931,青松健康,119981.0,6013827.0,50.4,50.4,49.85,50.2,-0.2,139.0
1150415,6933,AMAX-KY,1037295.0,194463545.0,184.0,192.5,184.0,186.0,2.5,1227.0
1150415,6934,心誠鎂,195527.0,17508715.0,85.8,91.1,84.4,91.1,8.2,178.0
1150415,6936,永鴻生技,63090.0,2239658.0,35.5,35.75,35.3,35.3,-0.2,50.0
1150415,6937,天虹,1341718.0,416627889.0,314.0,321.0,302.5,308.0,-5.0,1750.0
1150415,6944,兆聯實業,1546554.0,1458200911.0,924.0,972.0,914.0,927.0,15.0,3332.0
1150415,6949,沛爾生醫-創,477289.0,380836403.0,810.0,828.0,763.0,775.0,-7.0,850.0
1150415,6951,青新-創,64578.0,5143234.0,80.0,80.0,79.2,79.6,-0.3,83.0
1150415,6952,大武山,31042.0,1229323.0,39.5,39.85,39.45,39.75,0.3,36.0
1150415,6955,邦睿生技-創,16097.0,2701971.0,166.0,171.0,165.0,166.0,1.0,14.0
1150415,6957,裕慶-KY,103112.0,16291936.0,159.0,160.5,156.5,158.5,0.5,71.0
1150415,6958,日盛台駿,483098.0,9689631.0,20.0,20.45,19.8,20.0,0.0,397.0
1150415,6958A,日盛台駿甲特,3000.0,56300.0,18.8,18.8,18.75,18.75,-0.05,3.0
1150415,6962,奕力-KY,4296648.0,148060466.0,34.5,35.0,33.95,34.4,0.5,3128.0
1150415,6965,中傑-KY,88306.0,7816869.0,90.4,90.4,87.5,88.7,-0.2,69.0
1150415,6969,成信實業*-創,38620.0,1126770.0,29.1,29.4,28.8,29.4,-0.05,40.0
1150415,6988,威力暘-創,28117.0,422556.0,14.9,15.2,14.9,14.95,0.1,25.0
1150415,6994,富威電力,641266.0,43920704.0,66.2,69.6,66.2,68.5,2.2,540.0
1150415,7610,聯友金屬-創,1242955.0,770562764.0,601.0,655.0,572.0,655.0,54.0,2778.0
1150415,7631,聚賢研發-創,89223.0,10917879.0,114.5,127.0,114.5,125.0,6.5,89.0
1150415,7705,三商餐飲,42693.0,1498204.0,34.95,35.2,34.9,35.0,0.05,934.0
1150415,7711,永擎,864776.0,263099806.0,305.0,312.0,300.0,307.0,5.5,1773.0
1150415,7721,微程式,992026.0,88514530.0,90.0,93.0,87.0,87.7,-1.3,952.0
1150415,7722,LINEPAY,110405.0,33976642.0,305.0,310.5,305.0,305.0,0.5,633.0
1150415,7730,暉盛-創,80392.0,15574320.0,199.0,199.0,190.5,191.0,1.0,80.0
1150415,7732,金興精密,18000.0,643250.0,36.4,36.6,35.3,35.3,0.0,15.0
1150415,7736,虎山,55230.0,4435563.0,80.0,81.6,79.7,79.8,0.0,54.0
1150415,7740,熙特爾-創,360634.0,64692509.0,185.0,185.0,176.5,178.0,-3.0,407.0
1150415,7749,意騰-KY,285337.0,115110689.0,406.0,408.0,399.0,404.5,6.0,508.0
1150415,7750,新代,437962.0,730870345.0,1680.0,1710.0,1635.0,1660.0,5.0,1366.0
1150415,7765,中華資安,42818.0,9855044.0,230.0,231.0,228.5,230.0,0.5,169.0
1150415,7769,鴻勁,1004352.0,4293758370.0,4210.0,4370.0,4180.0,4260.0,75.0,6173.0
1150415,7780,大研生醫*,1792087.0,37016977.0,20.8,20.85,20.5,20.65,0.05,1886.0
1150415,7786,東方風能,214679.0,29727962.0,141.0,141.5,136.5,137.0,-4.0,381.0
1150415,7788,松川精密,465133.0,70045912.0,146.5,152.5,146.5,152.5,6.5,842.0
1150415,7791,皇家可口,70367.0,4603273.0,65.6,66.3,64.8,65.3,-0.3,89.0
1150415,7795,長廣,1208903.0,480356379.0,380.0,416.0,376.5,404.0,22.0,2283.0
1150415,7799,禾榮科,521045.0,205253615.0,392.0,403.0,385.5,390.0,5.0,990.0
1150415,7822,倍利科,861492.0,1436092910.0,1590.0,1710.0,1555.0,1710.0,155.0,4474.0
1150415,7823,奧義賽博-KY創,8145.0,648430.0,79.5,79.9,79.4,79.8,0.8,17.0
1150415,8011,台通,897776.0,18417176.0,20.5,20.75,20.35,20.5,0.05,471.0
1150415,8016,矽創,1563229.0,326333783.0,205.0,212.5,205.0,209.5,6.5,1969.0
1150415,8021,尖點,3877757.0,1315467119.0,343.0,346.0,334.0,340.0,-10.0,6702.0
1150415,8028,昇陽半導體,7581504.0,1430314095.0,191.5,191.5,187.0,187.0,-4.5,8912.0
1150415,8033,雷虎,4218668.0,592888271.0,138.0,144.5,136.5,137.0,0.0,3988.0
1150415,8039,台虹,21976507.0,3038394699.0,138.5,144.0,134.0,134.0,-3.0,16034.0
1150415,8045,達運光電,313610.0,23891895.0,75.6,77.0,74.8,76.3,2.5,415.0
1150415,8046,南電,17929539.0,11864607196.0,652.0,682.0,640.0,656.0,10.0,22368.0
1150415,8070,長華*,3633696.0,172141308.0,48.8,48.8,46.95,47.1,-0.9,4070.0
1150415,8072,陞泰,151248.0,4340197.0,28.75,28.95,28.55,28.75,0.0,158.0
1150415,8081,致新,439454.0,103131769.0,233.5,236.0,232.5,234.5,2.5,553.0
1150415,8101,華冠,8861.0,117083.0,13.0,13.5,13.0,13.5,0.25,19.0
1150415,8103,瀚荃,2092821.0,193293597.0,91.6,93.5,90.7,92.3,1.8,3798.0
1150415,8104,錸寶,2656999.0,93927071.0,35.6,36.1,34.5,34.95,-0.8,1726.0
1150415,8105,凌巨,3754100.0,54383953.0,14.65,14.8,14.3,14.4,-0.15,1553.0
1150415,8110,華東,6618196.0,327452117.0,50.5,50.7,49.0,49.25,-0.3,5932.0
1150415,8112,至上,14617226.0,1217113657.0,84.2,84.5,81.7,83.4,1.0,9502.0
1150415,8112A,至上甲特,10643.0,491254.0,46.2,46.2,46.15,46.2,0.0,21.0
1150415,8114,振樺電,336460.0,56395941.0,167.0,169.0,166.0,169.0,3.5,420.0
1150415,8131,福懋科,2762982.0,171158117.0,62.9,63.2,61.2,61.6,-0.6,2343.0
1150415,8150,南茂,39697424.0,2638149628.0,64.0,69.3,61.8,67.0,4.0,23746.0
1150415,8162,微矽電子-創,315985.0,13389104.0,42.4,43.0,41.95,42.35,-0.15,269.0
1150415,8163,達方,824613.0,22962607.0,27.8,28.0,27.7,27.75,0.05,646.0
1150415,8201,無敵,67773.0,907154.0,13.35,13.5,13.3,13.35,-0.1,61.0
1150415,8210,勤誠,5500593.0,5438593845.0,987.0,1010.0,965.0,992.0,31.0,13307.0
1150415,8213,志超,1183776.0,41598985.0,35.15,35.5,34.8,35.4,0.65,729.0
1150415,8215,明基材,4174575.0,110676620.0,26.45,26.85,26.1,26.25,0.25,2589.0
1150415,8222,寶一,739656.0,26747934.0,34.7,36.75,34.7,36.35,1.65,668.0
1150415,8249,菱光,417852.0,21043202.0,50.7,51.1,50.0,50.0,-0.6,606.0
1150415,8261,富鼎,2078069.0,226337490.0,111.5,111.5,107.5,109.0,-2.0,1751.0
1150415,8271,宇瞻,6475157.0,1043071782.0,164.5,165.0,157.0,159.5,0.0,5769.0
1150415,8341,日友,210114.0,15905122.0,75.7,76.0,75.5,75.8,0.1,340.0
1150415,8367,建新國際,79776.0,3500898.0,43.85,44.1,43.55,43.55,0.2,79.0
1150415,8374,羅昇,4250728.0,358096324.0,86.3,86.3,78.7,86.3,7.8,3818.0
1150415,8404,百和興業-KY,565957.0,10249852.0,17.9,18.3,17.8,18.3,0.6,394.0
1150415,8411,福貞-KY,149862.0,1844505.0,12.35,12.4,12.2,12.4,0.05,130.0
1150415,8422,可寧衛*,15050688.0,440326190.0,29.0,29.75,28.7,29.25,0.35,7700.0
1150415,8429,金麗-KY,272051.0,1895107.0,6.95,7.08,6.86,6.86,-0.06,378.0
1150415,8438,昶昕,2076248.0,183413238.0,86.8,90.6,86.0,88.1,2.3,2548.0
1150415,8442,威宏-KY,65125.0,3405795.0,51.6,52.7,51.6,52.6,1.0,57.0
1150415,8443,阿瘦,84618.0,1018260.0,11.95,12.1,11.95,12.1,0.1,657.0
1150415,8454,富邦媒,600452.0,108641740.0,182.0,183.5,178.0,178.5,-3.5,1268.0
1150415,8462,柏文,105083.0,14762888.0,140.5,141.5,140.0,140.5,0.5,184.0
1150415,8463,潤泰材,105135.0,2430384.0,23.05,23.3,22.9,23.25,0.25,75.0
1150415,8464,億豐,1372349.0,494477894.0,373.0,374.0,356.0,357.0,-20.0,1840.0
1150415,8466,美吉吉-KY,59340.0,1061650.0,17.85,18.05,17.8,17.8,-0.25,53.0
1150415,8467,波力-KY,50405.0,7939685.0,155.0,159.0,155.0,156.0,1.0,66.0
1150415,8473,山林水,259627.0,9745315.0,37.65,37.75,37.35,37.5,0.15,231.0
1150415,8476,台境*,679367.0,12539474.0,18.85,18.85,18.3,18.3,-0.3,364.0
1150415,8478,東哥遊艇,134742.0,22702048.0,169.0,170.0,167.5,167.5,-1.5,709.0
1150415,8481,政伸,25521.0,1070682.0,41.9,42.0,41.85,41.95,-0.1,31.0
1150415,8482,商億-KY,12000.0,597100.0,49.75,49.8,49.7,49.7,0.45,10.0
1150415,8487,愛爾達-創,18282.0,1458059.0,79.5,80.3,79.3,80.3,0.7,41.0
1150415,8488,吉源-KY,353914.0,3715488.0,10.15,10.75,10.15,10.2,0.05,81.0
1150415,8499,鼎炫-KY,242686.0,68095506.0,273.0,287.5,272.5,284.5,16.5,379.0
1150415,8926,台汽電,1306877.0,57804041.0,43.8,44.45,43.65,44.35,0.55,973.0
1150415,8940,新天地,53051.0,960191.0,18.3,18.3,17.9,18.25,0.0,122.0
1150415,8996,高力,1420833.0,1632129180.0,1200.0,1200.0,1100.0,1100.0,-15.0,2849.0
1150415,9103,美德醫療-DR,1268290.0,6306540.0,4.95,5.01,4.92,5.0,0.07,360.0
1150415,910322,康師傅-DR,7993.0,211493.0,26.8,26.8,26.5,26.6,-0.2,21.0
1150415,9105,泰金寶-DR,8953769.0,48294810.0,5.39,5.45,5.35,5.4,0.06,1872.0
1150415,910861,神州-DR,443006.0,1875237.0,4.24,4.3,4.22,4.3,0.04,32.0
1150415,9110,越南控-DR,44000.0,130150.0,2.95,3.04,2.91,3.04,0.11,22.0
1150415,911608,明輝-DR,2032.0,5779.0,2.84,2.84,2.84,2.84,-0.01,2.0
1150415,911622,泰聚亨-DR,33006.0,126502.0,3.96,3.96,3.82,3.82,-0.09,19.0
1150415,911868,同方友友-DR,135393.0,166527.0,1.23,1.24,1.22,1.24,0.0,39.0
1150415,912000,晨訊科-DR,365171.0,893220.0,2.47,2.47,2.43,2.46,-0.01,86.0
1150415,9136,巨騰-DR,1846259.0,17406984.0,9.3,9.62,9.25,9.45,0.21,442.0
1150415,9802,鈺齊-KY,1126287.0,87480167.0,78.2,78.4,76.7,78.1,0.1,940.0
1150415,9902,台火,157576.0,2287722.0,14.5,14.6,14.45,14.5,0.05,167.0
1150415,9904,寶成,7592804.0,213086693.0,28.2,28.25,28.0,28.05,0.0,3575.0
1150415,9905,大華,83193.0,1769085.0,21.35,21.35,21.15,21.3,-0.05,75.0
1150415,9906,欣巴巴,112555.0,4769100.0,41.7,42.9,41.3,42.8,1.1,176.0
1150415,9907,統一實,2503718.0,45167103.0,18.1,18.15,18.0,18.0,-0.1,1569.0
1150415,9908,大台北,918517.0,27334102.0,29.8,29.95,29.65,29.95,0.15,536.0
1150415,9910,豐泰,2213106.0,170748344.0,76.5,78.0,75.7,76.8,0.8,1839.0
1150415,9911,櫻花,235853.0,20004759.0,85.0,85.3,84.5,84.6,-0.3,525.0
1150415,9912,偉聯,40468.0,508937.0,12.6,12.7,12.55,12.6,0.0,944.0
1150415,9914,美利達,1214328.0,73406247.0,60.7,61.2,60.1,60.5,0.0,1497.0
1150415,9917,中保科,459692.0,53175033.0,116.0,116.0,115.0,115.5,0.0,522.0
1150415,9918,欣天然,249443.0,10801110.0,43.3,43.75,43.05,43.3,0.0,232.0
1150415,9919,康那香,393786.0,5907568.0,14.95,15.15,14.95,15.0,0.1,315.0
1150415,9921,巨大,1717936.0,117262016.0,68.8,69.1,67.9,68.4,-0.4,1811.0
1150415,9924,福興,78875.0,3552973.0,45.0,45.25,44.9,44.95,0.0,178.0
1150415,9925,新保,302017.0,12295411.0,40.75,40.8,40.65,40.8,0.05,222.0
1150415,9926,新海,48931.0,2446689.0,50.1,50.2,49.8,49.8,-0.2,56.0
1150415,9927,泰銘,81527.0,5716805.0,70.0,70.4,69.8,70.1,0.1,131.0
1150415,9928,中視,66709.0,1200159.0,18.05,18.25,17.9,18.05,0.15,58.0
1150415,9929,秋雨,67651.0,854263.0,12.05,13.2,12.05,12.5,0.3,70.0
1150415,9930,中聯資源,74226.0,5251647.0,70.9,71.0,70.5,70.7,-0.2,107.0
1150415,9931,欣高,211430.0,7600028.0,35.95,36.25,35.2,36.05,0.05,195.0
1150415,9933,中鼎,17740788.0,670298239.0,36.95,38.1,36.2,38.1,3.45,7110.0
1150415,9934,成霖,720346.0,6881513.0,9.61,9.64,9.5,9.59,-0.01,405.0
1150415,9935,慶豐富,260430.0,4901182.0,19.0,19.0,18.75,18.9,0.0,203.0
1150415,9937,全國,57649.0,3300099.0,57.0,57.4,57.0,57.1,0.1,95.0
1150415,9938,百和,1760633.0,81181917.0,45.75,46.4,45.75,46.35,0.85,1260.0
1150415,9939,宏全,3073980.0,342103020.0,112.0,112.5,110.0,111.5,1.5,2010.0
1150415,9940,信義,347677.0,6978398.0,20.1,20.15,20.0,20.1,0.0,244.0
1150415,9941,裕融,1870987.0,143944936.0,76.0,77.3,76.0,77.3,1.5,1796.0
1150415,9941A,裕融甲特,5665.0,288766.0,51.0,51.0,51.0,51.0,0.0,6.0
1150415,9942,茂順,128954.0,15101658.0,117.0,118.0,116.5,116.5,0.0,149.0
1150415,9943,好樂迪,45416.0,2605717.0,57.4,57.5,57.3,57.3,0.0,113.0
1150415,9944,新麗,46029.0,761594.0,16.5,16.65,16.5,16.65,0.0,63.0
1150415,9945,潤泰新,7132056.0,180245962.0,25.2,25.4,25.15,25.25,0.1,2590.0
1150415,9946,三發地產,604400.0,10291445.0,17.25,17.25,16.9,17.05,-0.05,313.0
1150415,9955,佳龍,453298.0,14741987.0,32.9,32.9,32.2,32.2,-0.1,366.0
1150415,9958,世紀鋼,1756054.0,183805200.0,103.5,106.0,103.0,104.5,1.0,1556.0
