Comment_Author,Comment_Text,Comment_Date,Like_Count
@Jade_dreamingforever,"a song that is over 3 minutes with proper verses, prechoruses, choruses, bridge, oh itzy thank you for saving kpop",2026-05-18T09:40:40Z,20206
@SriHartati-t1x2r,"I hope itzy can get at least one win for this comeback. The girls have worked so hard and we’ll celebrate their 50th win together. Keep streaming and voting midzy, we can do it.",2026-05-25T07:48:26Z,799
@Pearlfov,Finally a kpop song longer than 2 minutes with no empty chorus or party themes thank you itzy,2026-05-18T09:15:58Z,10610
@shin_ryujinnie,ITZY IS SO DOWN-TO-EARTH THEY ARE SO DILIGENT AND WORKING HARD WE SHOULD DO THAT TOO MIDZYSSS,2026-05-26T13:40:48Z,36
@SitiAisyahUmrah,"This is what Kpop should be, Itzy really brought pure Kpop back",2026-05-20T21:55:44Z,1841
@竜影-s8x,No matter what South Korea's sound source score ranking is. But this is the best Korean pop song I've heard recently. ITZY deserves more encouragement and attention.,2026-05-21T19:59:48Z,3381
@yuanlin2872,"This song feels like a summer breeze, bringing back all the beautiful memories we've made over the years.",2026-05-20T08:53:24Z,1167
@thithuytienphan5899,This song is so underrated! I'm not a Midzy but it has been on replay since it was released...,2026-05-25T05:59:13Z,271
@moonskyee_,HELLO??? im literally feeling the old kpop through my veins... EVERYONE GIVE ITZY THEIR DESERVED FLOWERS IM SO SERIOUS RIGHT NOW,2026-05-18T11:52:35Z,7440
@alvinacetrndd16,"its so rare in kpop nowadays to serve a full, complete song. and here they did. welcome back itzy!!!",2026-05-18T09:25:15Z,5804
@sjzb_fn,"The m/v is so perfect, this is actually pure kpop that everyone wants !",2026-05-18T15:31:27Z,3375
@Ice_lEmon4,"I miss when Kpop had its own unique identity. These days many songs sound too globalized, that i almost forgot what kpop Kpop is.. thank you ITZY ❤",2026-05-27T04:15:12Z,18
@jaevdiola-mf4pk,the most kpop sounding song i've heard in recent years. wow itzy is bringing back kpop to its roots,2026-05-18T12:22:24Z,1684
@YamilUrielPáez-z4q,"Honestly, this is their year, first with That's a No No, then Ice Cream Yuna, and now Motto 🗣️🗣️📈📈",2026-05-22T00:12:25Z,1735
@turndownfowhat29,this is for the ppl who stayed and understood the motto ITZY has been giving out for the last 7 years. paying tribute to the past mv and dedicating this song to midzys shows how thoughtful ITZY is to the fans. It’s a very nostalgic but refreshing sound that might lure new fans. Motto is a statement. It is everything ITZY stands for,2026-05-18T19:43:33Z,1881
@Rachel-w3n1x,The song flows so smoothly,2026-05-25T16:46:15Z,36
@Ichancarlo,Wishing Itzy a successful comeback! Fighting!,2026-05-18T09:00:48Z,9068
@itziconic_finalver,"Now that i think about it, itzy is one of the only few grps that releases quality music and no, not to state it just because of flop allegations by haters. they actually enjoy their job",2026-05-20T07:00:55Z,1676
@roumisaroumisa-g3j,I can't hold back my tears; it seems they put in a tremendous effort on this comeback. 😢😢😢,2026-05-24T21:04:37Z,112
@k-popularity,"They're about to be the so-called Leaders of the 4th Gen K-pop but then as years pass, it shifted. Still happy and proud that they have a stable fandom of MIDZYs who's always ready to support them. Let's go YEJI, LIA, RYUJIN, CHAERYEONG and YUNA ❤",2026-05-26T12:42:40Z,116
@ILLUS10N_soraa,"Thanks to ITZY, we felt real kpop again after a long time. They are a real kpop group.",2026-05-21T23:09:50Z,613
@OBSESiDiANedits,"they traded the dark girl-crush for this surreal, melodic masterpiece and it paid off SO well. ITZY’s versatility is unmatched! 👑",2026-05-18T16:54:51Z,1101
@Ryunnie_06,"Honestly, it’s a total summer hit and the MV feels so fresh. Come on MIDZY, let’s give them what they deserve",2026-05-18T14:36:19Z,1510
@user-sm-k3h,청량 있지/청순 있지/다크 있지/상큼 있지/몽환 있지/발랄 있지/힙합 있지/쎅쉬 있지--갈아 끼워가며 활동하는 능력자들,2026-05-25T22:05:04Z,22
@LeNguyen-b7h,JYP Entertainment's aesthetic sense is getting better and better! Wishing Itzy a successful comeback!!!,2026-05-18T13:11:40Z,1424
@songstopia,"This is what real K-pop is! Songs that aren't just made for TikTok, plus they are 3 minutes long!",2026-05-18T14:43:57Z,1283
@서울믿지_SEOUL_MIDZY,서울은 지금 비가 오고 있는데요. 비 오는 날에 카페에서 밖을 보면서 이 노래를 들으니까 뭔가 분위기 있고 좋네요. :),2026-05-20T05:44:41Z,147
@키위-g2g,있지는 대한민국 최고의 걸그룹이다.많이 사랑하자!,2026-05-25T17:55:33Z,19
@kim_jona13,itzy never strayed away from their roots. they are one of the most consistent girl groups that release quality music. respect 😌,2026-05-23T23:15:18Z,253
@WatchOutForDropBear,Thank you ITZY for following your own path and giving us this great song MOTTO,2026-05-22T04:50:04Z,763
@yun_1ili,"Let's get this song to 20 million views, please! ITZY deserves it!",2026-05-22T15:33:22Z,468
@socorrolopes259,"Itzy! We'll be here to support you in all the group's new music and projects! Right, Midzys!?",2026-05-25T22:01:46Z,19
@KittyKat-c8w,JYPE girlgroups are dominating this year.. thank you itzy for releasing another soty,2026-05-21T17:08:41Z,703
@yinandyangandinbetween8159,"Always an ITZY fan.  They are uplifting, positive, and don’t have cuss words or sexually suggestive lyrics in their songs….so wholesome.",2026-05-21T04:57:50Z,663
@dmojibasar,ITZY just raised the bar with MOTTO. There is a clear upgrade in their vocals and visuals. This is what a hard work looks like.,2026-05-21T19:55:05Z,619
@laufey1108,"13 Million Organic People and yet we are losing getting the trophy. How sad to see our itzy and midzy not giving them a trophy. A lot of people are struggling and working hard for the trophy and yet some ""SO CALLED GROUPS"" are using PAID VIEWS to win their idol group. How unfair. Imagine having a 13 Million people watching with no PAID VIEWS and LOSING. SO UNFAIR",2026-05-26T15:47:12Z,21
@mrq1245,있지 컴백을 너무너무너무 축하드립니다.🎉,2026-05-18T09:01:55Z,120
@Purrhellok,Jyp is low-key cooking this year with nmixx now itzy they’re saving Kpop,2026-05-19T19:32:12Z,1832
@angelakokoneshi6530,Itzy picked a title track talking about Midzys as the first comeback after the contract renewal!! So touching!!,2026-05-21T14:17:02Z,444
@SitiAisyahUmrah,Itzy's being underrated is a true crime,2026-05-25T22:44:02Z,14
@m24._cw,itzyちゃんの曲っていつも手を引いて光のあるところに連れて行ってくれるみたいで、勇気くれてほんとにだいすき,2026-05-20T13:25:58Z,328
@user-ganmodo,ITZYのおかげで爽やかな夏を迎えられそう✨,2026-05-21T10:50:52Z,178
@Ravaa24,We reach 10M in less than a week. Let's claim more MIDZYs!! Fighting!!,2026-05-22T13:10:53Z,586
@hongs678,"있지의 웃는 모습에
나도 오늘 웃는다",2026-05-25T10:45:09Z,22
@acejungkook3664,This song needs more likes and views.,2026-05-19T08:08:12Z,622
@happylee8834,이번 노래 너무 잘 뽑았다 ㅋㅋ  청량 있지는 여름에 딱이지 ㅋ,2026-05-18T09:45:51Z,105
@Cream_K4naf-128,*“Motto” will forever remain an iconic song in ITZY's history*,2026-05-18T09:00:46Z,4636
@patriciaoliveros1482,"Fancast is ended, even if we didn't win but thanks to all midzy's who votes and fought until the final hours that is proven that our fandom is still solid",2026-05-27T02:14:23Z,18
@Quietics,"This is going to be added to my 2026 K-pop Summer playlist, 100%. Great song, simple concept and just a fun vibe overall. 10/10 ITZY",2026-05-19T15:37:21Z,689
@ahmaoah_aha,"motto 진짜 대박이야… 듣다가 울어버렸어🥹
ITZY는 내 인생 최고의 motto야…🖤",2026-05-18T17:07:52Z,192
@marshmallowz_770,We need 10 million asap. They worked soo hard,2026-05-20T04:43:26Z,510
@austriaash,"ITZY drops another banger for the summer. I'm totally in love with the song and mv, they are amazing!",2026-05-25T06:45:36Z,69
@i.i1555,"最高のカムバ曲！！！
ストリーミングのためじゃなくて、聴きたくて何回も聴いちゃうよ～♪",2026-05-21T10:26:50Z,174
@Pookasoul,"Ohhh yes, please! An actual song with an actual chorus and melodies! Thank you Itzy and JYP 😭🙏",2026-05-19T23:17:49Z,427
@miwakulala7829,今回のアルバムもホントに最高！車ではSpotifyを聞いて家ではmv観てるよ!,2026-05-20T11:38:42Z,142
@ANTONIASONGALIA,Who else is watching this on yeji's birthday🐹🌸,2026-05-25T17:05:29Z,45
@くわすみ,ITZYカムバックおめでとう！！！曲の良さとMVのみんなの笑顔で涙が出た　いつもありがとう,2026-05-18T09:54:21Z,306
@SO222IT,"聴けば聴くほど好きになる。
今までの思い出が頭を巡って、どんな時もITZYは私のMottoだったことを改めて思い出す。
涙が込み上げてくる、、。
素敵な音楽を届けてくれたITZYのためにMIDZY頑張ろう！！！",2026-05-19T03:49:43Z,215
@JCear,"Nswer here: just watched Nmixx encore and Itzy lightsticks were waving for the girls. Thank you. 
JYP Nation is so kind.",2026-05-21T19:52:20Z,432
@skz_1verse_kickflip,"I dont even stan ITZY, but this song is such a banger it gives me such nostalgic vibes :)",2026-05-25T14:38:13Z,14
@bcns02,we want to give itzy wins this era so let's do our besttttttt,2026-05-21T17:05:44Z,391
@ばにらあいす-c5y,더운 날에 부는 상쾌한 바람 같은 ITZY🍃,2026-05-19T05:25:30Z,145
@itzyforever-y3v,"Only ITZY has the privilege of having Yeji, Lia, Ryujin, Chaeryeong, and Yuna as members!!!",2026-05-22T15:15:36Z,219
@yawnzzn1206,THIS SONG IS SO DAMN GOOD,2026-05-25T18:28:41Z,26
@shining_shiney,I don't care what anyone says! This is one of Itzy's best releases!,2026-05-20T12:31:31Z,410
@user-wj6or1di9z,LET'S GO TO 25 MILLION FOR  NEXT SUNDAY,2026-05-24T12:40:42Z,104
@miwakulala7829,"アルバムもめちゃ可愛い！！！
迷っていたバージョンも追加でゲットしてこなきゃ！mvもパフォーマンスも可愛くてダンスも歌も最高すぎる〜",2026-05-22T10:16:00Z,110
@롤롤-g6b,Motto 청량해서 노래 자체도 너무 좋은데 가사가 7년간 있지와 믿지 서사라고 생각하면 눈물남🥹 있지 2주차 모토활동도 화이팅❤,2026-05-25T08:27:39Z,16
@nothing-mt7kv,있지 청량한 거 보소 ㅠㅠㅠ 그리고 안무 되게 세련되고 노래를 잘 살려주네 너무 좋다,2026-05-19T10:03:47Z,161
@itzy_crumbss,Keep streaming midzy and jyp fam!!! We can hit 5M in the first 24 hour let's goooooo!!!,2026-05-18T14:46:44Z,124
@meimei-1515,"The opening with that homage to ITZY’s past masterpieces was incredible, and the moments that brought back memories of their debut were just perfect!!!! ITZY's comeback MOTTO is absolutely amazing!!!!",2026-05-19T00:12:22Z,234
@user-ys7dz9bb5j,잇지 노래 중 젤좋다 계속듣는중,2026-05-27T09:15:46Z,13
@sadevvi,"4 million organic views in about 24 hours, i'm so proud of us midzy ❤ let's do more for our queens!!",2026-05-19T09:37:59Z,839
@名無しの権兵衛さん-s9t,"ドライブによくあいそうな曲😊
今までにないITZYって感じ！",2026-05-18T12:12:35Z,156
@m24._cw,今日は雨いっぱい降ってるけど、朝にmotto聴いたら爽やかに1日始められそうだよー！！,2026-05-20T22:28:50Z,145
@demisemiquaverproject5658,"Look, Heavy Serenade has 247k likes and 41M views while Motto has 300k and 12M views, respectively. Seriously, JYPE doesn't care about Itzy.",2026-05-25T06:41:42Z,61
@mitu1958,え〜！めっちゃ良い曲やん。いや、本当に最近で一番良い。映像も可愛い♡,2026-05-18T13:06:55Z,175
@maiimazmi,爽やかな曲調で、いつでも聴いていられる！最高な曲をありがとうitzy！！,2026-05-18T09:36:30Z,209
@motimotiye4719,"爽やかなんだけど、なんだか切なくなる。
とにかく好きです。",2026-05-18T11:34:56Z,98
@Atsubon_itzy,みんなfancast投票お願いします🙇‍♂️,2026-05-27T01:44:03Z,9
@user-xl3hr6qv1u,何回聴いても良い曲！！！もっと沢山の人に届きますように！！！！,2026-05-18T15:09:18Z,129
@JustGrim,DONT GIVE UP MIDZYS WE HAVE TO GIVE ITZY AT LEAST 2 WINS IN THIS ERA !!!!!!,2026-05-22T13:47:38Z,337
@ぽぽこ-c1v,最近のカムバのタイトル曲で一番好きかも！！素敵な曲をありがとう！！ずっと応援してるよ！大好き！,2026-05-20T11:25:07Z,164
@Lepaaysl,"i hope you win girls , bzc itzy deserve. Who agreee?? ❤❤❤",2026-05-27T12:13:35Z,9
@김예인-p8l,있지 이번에 대성할 듯 딱 느낌이 옴 내 퀸들 항상 사랑해❤,2026-05-18T09:37:25Z,137
@sadevvi,5M organic views within the first 30 hours is insane bruh let's keep going midzys! <3,2026-05-19T15:09:57Z,1182
@Sarawc,"Midzy let’s try and reach 10 million views as soon as possible to support our girls and make sure they get to win, they literally deserve, they worked so hard on this comeback.",2026-05-21T06:36:36Z,441
@とぬたろう,全てにおいて魅力が溢れてる！,2026-05-18T09:03:53Z,90
@베누베루,진짜 미쳣다 와 진짜 와;;;; 노래 왤케 청량하고 슬퍼,2026-05-19T04:52:51Z,106
@thinkaboutdark,"Honestly, they're the best thing that happened to k-pop",2026-05-18T18:00:22Z,103
@lovesickdivas,"Peak M/V, Peak Song, Peak Group, Everything is PEAK RN.",2026-05-25T12:20:45Z,10
@KimK-tk7fz,너무 좋아 뭔가 힐링 되는거 같아.. 시원한 바닷가에서 선선한 바람을 맞고 기분 좋아지는 듯한...,2026-05-18T15:03:22Z,313
@miwakulala7829,Itzyがmidzyを思って歌ってくれてる瞬間を思うと泣ける。めっちゃファンソングでもあるよ、mottoエモすぎ！最高！,2026-05-18T10:48:05Z,93
@analuisa4255,"Let's listen on all platforms, ITZY deserves it.
Good luck with this comeback.",2026-05-18T16:16:50Z,596
@moamidzyforever,Vote for itzy on fancast pls,2026-05-26T21:43:19Z,12
@noripi0117,"また新しいITZYに出会えて嬉しい
5人全員でカムバックしてくれてありがとう✨

皆の優しさと愛が伝わってくるよ
大好きだよITZY‼︎❤",2026-05-21T09:40:04Z,166
@krkdis1320,I wasn't expecting such a perfect song. Why is everyone's vocals so good? The music video is beautiful. This is the song I'll be listening to all summer.,2026-05-18T16:19:11Z,790
@옞만,모토 너무 좋다 ㅠㅠ 이번 컴백 대박나자!!,2026-05-18T13:09:29Z,96
@michaelocansey7672,"Happy birthday, Hwang Yeji❤🎉",2026-05-25T16:22:03Z,7
@yui_9696,"めっちゃくちゃ好き
語彙力ないのが申し訳なくなるくらい本当に素敵",2026-05-18T10:41:17Z,223
@m.a.r.o.n-7,いつも自己肯定感上がる曲をありがとう🥹MIDZYにとっては、ITZYがMotto❤️ カムバおめでとう🎊,2026-05-20T12:16:48Z,163
@capncrunch2338,"0:04 The opening showing sets from the past music videos and eras. Tunnel Vision, Cake, Sneakers, Not Shy, Dalla Dalla. Oh Itzy how far you’ve come.",2026-05-18T11:33:09Z,2088
@ITZYとMIDZYは永遠,Mottoめっちゃ好き,2026-05-26T07:57:50Z,10
@iiafraid,뮤비 뜬 거 보고 일부러 음원으로만 먼저 들어봤는데 이번 노래 좋네요.,2026-05-20T05:37:08Z,92
@nagi-kc7dg,"なんでかわかんないけど、すごい泣ける😢😢😢最高の曲！！！
itzyの夏がやってきた！！",2026-05-18T09:34:59Z,121
@mashumaroo0,"神曲すぎる😭💕💕
ITZYの魅力めっちゃ詰まっててやばいかわいい！！！
これ絶対ライブで盛り上がる🥹🤍",2026-05-18T09:08:05Z,259
@filhinhalulu,"let's give them a win, they deserve it so bad :(",2026-05-25T17:55:01Z,10
@liunarduss,Itzy saving current K-Pop whit a album with a majority of over 3 minutes songs!,2026-05-18T13:10:19Z,347
@吉澤椛-z9c,"雰囲気好きすぎるっ！！
itzyのみんな踊っててかわいいし、楽しそうっ！いい曲！✨👑💖",2026-05-18T10:19:01Z,146
@k-fka,I can't stop listening to the whole album on loop. Itzy helping me get through the workday <3,2026-05-21T00:21:35Z,277
@r4inryu,Let's keep hoping Motto gets a win!!! And keep supporting as well,2026-05-27T04:55:40Z,8
@Bring_B4ck_Heeseung,ITZY BRINGING OLD KPOP BACK AND I'M HERE FOR IT,2026-05-18T15:34:18Z,168
@azk4nisa,"keep streaming! this song deserve a win, lets make our girls happyy",2026-05-19T23:17:17Z,97
@minamin6515,"曲はもちろん、歌詞も過去一好き
ITZY MIDZY 相思相愛♡",2026-05-18T11:11:06Z,140
@leeyankee4743,13M now!! The views are back to normal!! Keep going midzys!! NEXT GOAL 15M!!,2026-05-26T02:39:49Z,13
@LifeNextSttyc,"있지 역대급 명곡
일단 inst가 너무 좋고 청량하면서 청순하고 멤버들 미모가 레전드
있지 스타일 에너지 있고 뿅뿅 거리는 곡",2026-05-18T16:13:09Z,359
@keditsyoutube,I feel like this will be a huge victory for itzy,2026-05-18T13:56:55Z,325
@Sarawc,"Yesss we reached 12 million views now we need to reach 13 million, we can do it guys, keep streaming and don't forget to vote for Itzy, they deserve to win, this comeback is such a masterpiece",2026-05-23T21:56:29Z,184
@Sarawc,"We’re sooo close to 13 million, midzy stream, we can do it 💪🏻💪🏻",2026-05-25T09:20:32Z,41
@ryu.x_x,와 아니 너무좋다...... 대추노노로 빵 떠서 다음 곡이 진짜 중요했는데 2본이 제대로 된 청량있지를 말아와주다니 이번 컴백 이간게 느껴짐,2026-05-18T11:20:54Z,181
@lomlsoonniee,This song is literally made me cry because of happiness. Thank you ITZY! Love you from bottom of my heart.,2026-05-20T11:59:12Z,255
@xmomomox,"MVが独特の雰囲気で好き
あと、サビが癖になる",2026-05-18T09:55:15Z,84
@KayleOfDeath,"this song is good, at first hearing i was unsure but them i went to sleep and it came up in my head all night, now im listen in the morning.",2026-05-25T12:55:03Z,13
@西山さんのえくぼ,"時代の流行に逆行するJYP、そういうところ大好きです
カムバ一緒に楽しませていただきます！",2026-05-19T12:17:45Z,103
@eonshin_a,"있지는 항상 좋은 음악을 꾸준히 보여줘서 정말 놀라워요.
단순히 틱톡에서 유행할 음악만 만드는 게 아니라, 음악을 좋아하는 사람들이라면 누구나 오래 듣고 싶어질 만한 곡들을 들려주는 것 같아요.

Motto는 멜로디도 가사도 정말 아름다운 곡이에요.
이 노래를 들으면서 “아, 내가 좋아하던 케이팝 감성이 돌아왔구나”라는 생각이 들었어요. 이런 음악을 다시 들을 수 있어서 정말 행복합니다.

있지와 모든 스태프분들 정말 고생 많으셨고, 이번 컴백도 꼭 잘 되길 바랍니다.",2026-05-18T21:42:37Z,146
@kamomile-k8q,이런 느낌 첨 듣는데 근데 또 있지라서 놀랍고 또 노래가 계속 듣기 좋아서 놀랐고 진짜 색다른 느낌인데 또 원래 있지의 노래 핵심 메세지에서 새롭게 변형된 것같아서 듣기 너무 좋았음. 비쥬얼아트필름같은 뮤비도 그렇고 진짜 멤버들 엄청 고생한게 느껴짐,2026-05-18T14:09:05Z,302
@patriciaoliveros1482,"Keep on str3xming y'all, don't be lazy fighting!!!!!!!!!",2026-05-27T12:15:07Z,8
@OBSESiDiANedits,"The production on Motto is insane, it sounds so incredible in headphones. They really brought back that early ITZY color but elevated it to a whole new level. Legends.",2026-05-18T16:54:31Z,423
@miwakulala7829,アルバム収録曲全部好き、いつもなんだけど、itzyの歌声が好きなんだと思う！,2026-05-21T13:38:20Z,189
@ITZYforever97,10 million views in 4 days SO PROUD OF US MIDZYS 💙💙,2026-05-22T12:51:16Z,468
@Gh0-57,"Don't understand why is it so hard for Div2 and JYPe to give ads to ITZY MVs, like it should be a default for every group's comeback but whenever it comes to ITZY they're always playing it so cheap and gives only less than the bare minimums.",2026-05-25T18:47:12Z,11
@cheshire-l3x,"EVERYTHING IN THIS SONG IS PERFECT, THIS SONG IS A MASTERPIECE",2026-05-18T17:44:10Z,110
@ma-s8m,合間に出てくるすっぴん風のナチュラルなビジュアルが全員綺麗なお姉さんで大変よろしい,2026-05-18T11:21:23Z,148
@sigure.inspiration,"JYPE, please buy them ads. They need marketing and promotion.",2026-05-24T10:09:19Z,154
@lesyeuxder,now this is what i call song of the year,2026-05-27T06:19:47Z,6
@imnrj17,요즘 케이팝은 틱톡 바이럴만 노린 노래들뿐이라 질려 있었는데 그런 와중에 옛날 케이팝 감성으로 컴백해준 있지 정말 고마워… 암튼 그녀들의 노력이 정당하게 평가받는 세상이 되길 바람,2026-05-21T17:44:06Z,99
@주소진-j1j,비주얼퀀 진짜 최고야 너무 너무 곡이랑 잘 어울려😊,2026-05-18T09:19:38Z,94
@lok5,"Imho, this is even better than Wannabe. I just hope JYP will advertise and promote this masterpiece to the GP as hard as possible.",2026-05-22T15:22:10Z,287
@특이점기록빌런,노래 진짜 좋다 난 왜 이제 알았지!!!,2026-05-27T09:42:34Z,8
@귀여운왕새우만두,노래도 좋은데 뮤비가 너무 시원하고 청량하게 잘 뽑혀서 좋아요 색감이 시원하고 무채색 느낌이라 너무 좋다 와,2026-05-18T13:32:17Z,236
@bcns02,let's do our best to give ITZY their 50th music show win this eraaaaaa,2026-05-21T14:22:08Z,219
@leeknow-skz-1025,この曲めっちゃいい！最初の1秒聞いて神曲だと確信した✨,2026-05-18T09:52:30Z,137
@jiazhong5192,"MOTTO 너무 좋아요ㅠㅠ 노래도 뮤비도 분위기 미쳤다… ITZY 최고🫶
역시 ITZY는 이런 콘셉트도 너무 잘해요🫶
이번 활동도 진심으로 응원할게요! ITZY 화이팅🔥",2026-05-25T14:25:33Z,7
@hambaklee487,모토 노래 청량 해가지고 여름  노래로 딱인것 같음,2026-05-18T09:01:38Z,91
@G.O.D..R.Y.U.J.I.N,I really like the last chorus... even the dance expresses the feeling very well.,2026-05-23T19:53:58Z,122
@ZohaFaisal-x6r,yall are the first one complaining abt no wins cus yall be putting no effort into voting. we're in 2nd place on fancast pre vote with 80k gap. pls be coordinated cus this is the only chance we will get,2026-05-26T06:29:34Z,21
@borniteboy,The props at the start are the sets of their previous tracks!!! I'm crying rn😭😭😭💖,2026-05-18T09:05:18Z,1407
@LeslieFeather,"Don't stop watching, soon 100M because they saved Kpop",2026-05-19T15:23:32Z,386
@H_vivian,날씨도 돕는다! 막 더워지기 시작했는데 시원시원하게 잘 뽑힌 노래까지!! 온 하늘이 돕는다!,2026-05-18T11:36:36Z,202
@lili_mixx3,ITZY - the only girl group who has to buy over 2 million votes to win one music bank 😔,2026-05-27T07:05:15Z,7
@fumitaka_0607,ひさしぶりに曲聴いて音が綺麗で好きってなった。,2026-05-18T10:12:05Z,101
@JuttiMeriOyeHoiHoi,ITZY and NMIXX carrying K-pop right now with a bold and unconventional strategy: release good songs.,2026-05-18T14:28:35Z,607
@민-i5f,2:58 하 여기 안무 제발 대추노노 같이 팔 쫙쫙 쓰는데 너무 잘하자너 ㅜㅜ,2026-05-18T09:39:27Z,277
@midzymary,MOTTO DESERVES MORE VIEWS !!,2026-05-26T18:01:57Z,6
@sundawg911,JYPE is killing it with Nmixx and Itzy's music so much. Love them both.,2026-05-18T10:47:30Z,929
@MichellAnaya-zt9pe,Por fin JYP recordó que tiene uno de los mejores y pocos grupos de kpop que aun hacen kpop de verdad,2026-05-18T14:41:06Z,86
@samsukepicotiri2919,めっちゃええ。最近のItzyでも一番いいし、ここんとこ聞いた全てのK-POPの中でも一番いい。MVもめっちゃええ。最近の中で一番ええ。,2026-05-18T12:36:18Z,136
@SarahNami,"0:35 If Air + Ice cream + Rock n roll was one song , it would be Motto",2026-05-18T09:05:51Z,1246
@fru1tas,"The references from their past comebacks and their debut reminisces why their 'Motto' for ITZY and MIDZYs still have an impact to make that bond with each other be stronger than ever it was before, and this comeback is worth the wait!",2026-05-18T17:21:24Z,473
@user-r6mgswsidx,진짜 최근 있지노래 중에서 역대급으로 좋다 ㅠㅠ 내가 원했던있지감성 그 자체임!!,2026-05-18T09:06:35Z,555
@Prettiest_Princesssé,WAIT!! I am feeling like real Kpop is back Plz Midzys WE HAVE TO SUPPORT THEM THIS TIME,2026-05-26T09:43:30Z,8
@samanthakim5035,This feels like a celebration of ITZY’s rebirth.,2026-05-18T09:06:23Z,535
@mimiblue128,Yeji and Yuna facing eachother is one of the best moments on the mv,2026-05-21T18:54:28Z,152
@JacobAdams-n2w,"I must say that I'm really glad to know that ITZY released such a song which is well-structured, contains appealing melody and a beautiful bridge. Motto is definitely enjoyable.",2026-05-19T14:58:44Z,304
@ばにらあいす-c5y,오늘도 Motto 많이 들은 하루였용,2026-05-25T14:39:03Z,7
@Naongnim-129,なんか皆が5人で笑顔で楽しそうに踊ってくれてるだけで泣きそう,2026-05-18T11:32:54Z,79
@_Love_Ryujin_,"Motto 가사 곱씹어보면서 듣는데 이거 팬송이잖아..😭
뮤비는 데뷔부터 지금까지 있지의 서사도 담겨있어서 나 무대 직접 보면 울컥할 것 같음..ㅠㅠ",2026-05-19T06:17:58Z,137
@은하만큼사랑해,"뮤비처음이랑 대추노노 같이 생각하면 눈물남

니들은 우리가 시들기 바랬겠지만 우린 다시 시작한다
이런 느낌 좋다",2026-05-18T11:21:46Z,210
@miwakulala7829,mottoにめっちゃ癒されてる,2026-05-27T05:01:24Z,5
@고구마-ch11d,있지의 상쾌한 노래 목소리로 녹아버릴 듯한 더위도 날려버리자!🌊🖤,2026-05-18T11:46:21Z,225
@SitiAisyahUmrah,Itzy be shaking whole industry with Motto,2026-05-20T04:45:07Z,190
@ばにらあいす-c5y,"None of My Businessもそうだけど
ITZY×白衣装×夏のエモさハンパない🥺",2026-05-21T09:19:12Z,185
@XalencelfGames,Finally a MV in kpop industry  with no ai! I thought  id never see the day.,2026-05-27T09:27:06Z,5
@띵곡찾아삼만리,"요즘 개더운대
이런날씨에 딱이네
상큼 팡팡
청량 팡팡팡!!!
더운날엔 음악으로 힘이 날수 있지!있지!",2026-05-18T23:11:17Z,128
@djdkkskejd,아니 시작할 때 뮤비 세트 하나씩 나오는거 눈물 포인트😢,2026-05-18T09:58:02Z,180
@SitiAisyahUmrah,It's a real true crime if Itzy don't get any wins with Motto,2026-05-18T17:21:29Z,521
@hellodil_lyn,HAPPY 26TH BIRTHDAY YEJI!! 🎉🎉,2026-05-25T22:13:58Z,10
@sso_ya,노래 너무 좋고 뮤비 너무 이쁘고 멤버들 너무 이쁘고 이번 컴백 대박나자 🔥🔥,2026-05-20T08:54:02Z,107
@val.lovesitzy,"@JYPEntertainment 
We urge JYP to provide ITZY with proper promotions. The lack of advertisements, marketing, and global promotions is unacceptable for a group of their level.

ITZY deserves better exposure and the same level of support given to other groups.",2026-05-24T12:39:41Z,182
@서울믿지_SEOUL_MIDZY,한국은 지금 여름이 시작됐는데 여름 느낌과 너무 잘 어울리는 itzy <motto>. 플레이리스트에 저장해놔야지,2026-05-18T12:34:41Z,188
@stanZeroBaseOneFORbetterLIFE,"i genuinely cried ,, the song is so good its too good , and seeing people love the song made me cry even more because i rememeber the uneccesary hate after sneakers and how everyone was convinced they flooped ,,This is so haertwarming i love ITZY sm my queens i'll never leave u",2026-05-26T17:12:15Z,7
@angelakokoneshi6530,A 3+ minute song is gold in this industry! Motto is incredible!!,2026-05-18T12:15:49Z,538
@ensuka197,いや、クソ良いんですが??ラスサビなんかこれ以上ないほどの至福で泣き崩れました。最高です😢,2026-05-18T09:29:55Z,107
@i_xixi_u,actually cried wth this is probably my favourite itzy comeback 🥹 midzy fighting!!,2026-05-18T12:15:26Z,114
@aimijyp,"I hope that itzy will become super popular, girls are so talented and hardworking",2026-05-27T06:22:38Z,5
@mashumaroo0,MIDZYはもちろん、MIDZYじゃない人にも届いてほしい素敵なMV！！！,2026-05-22T08:36:51Z,125
@Amaryllis._.25-k2v,歌詞が素敵だし、昔を思い出したのとITZYの思いが伝わってなんか自然と泣いてた😭💕,2026-05-18T10:23:32Z,286
@ryuselling,"another ITZY era, another reminder of why i love these girls so much 😭 the music feels so genuine and comforting. thank you ITZY, i’ll stay forever 💚",2026-05-19T19:51:09Z,320
@loveilll3504,夜、暗くてちょっと心細い感じで歩いてたらいつに何かMottoを口ずさんでいました。ITZY、ありがとう。,2026-05-26T12:05:12Z,5
@노릇노릇버터감자,최근에 계속 어두운 곡 내다가 통통 튀는 노래 내니까 좋다,2026-05-18T09:03:24Z,75
@icybutimonfire,"from little monster rookies to big legends of kpop, i am proud of them so much!! thank you itzy for still making good & meaningful music ♡  i cant tell you how i love my five ☆ i grew up with them and i learnt so much things from them. its not just about their music but things behind it.. motto is for us midzy 🥺🤍",2026-05-18T18:07:59Z,182
@잡덕이,있지가 역대급 곡을 들고 왔구나… 덕분에 청량한 여름 보내겠다~,2026-05-18T11:22:44Z,81
@m_arkyonmy,"Streaming Reminder 
To make sure your support counts, let the song or video play for at least 30 seconds. Once you cross that mark, the stream/view is officially registered! If you're building a playlist or queue, just make sure each track gets past that 30-second line before moving to the next. Let's keep those numbers rising!",2026-05-27T09:15:14Z,8
@bnhu777,"itzy is so phenomenal wow
i'm so blown away by their music/ music quality!",2026-05-20T01:10:23Z,175
@Kけいご-q7e,初見で聴いた曲で涙流したの久しぶり,2026-05-18T10:12:03Z,112
@RifaMahjabin,Finally kpop is like kpop again 🥹,2026-05-19T12:22:28Z,298
@MeeraMuli60,"Lets Go Itzy... 15 million to go 🎉
Motto is my new favorite the amount of creativity and aesthetic is crazy 🩷.. Lets give what itzy deserve midzy 👑👑👑👑👑💖",2026-05-26T16:26:51Z,7
@pixie_stay_28,THE CHORUS IS LITERALLY SO CATCHY 😭 THE WHOLE SONG IS!!,2026-05-18T09:04:05Z,1297
@Leticia-tq6me,너무 좋아 뭔가 힐링 되는거 같아.. 시원한 바닷가에서 선선한 바람을 맞고 기분 좋아지는 듯한...,2026-05-27T11:40:27Z,8
@Leticia-tq6me,잇지 노래 중 젤좋다 계속듣는중,2026-05-27T11:39:31Z,6
@meiyusilva5098,"A title track about the bond of itzy and midzys. THANK YOU FOR MOTTO, ITZY!",2026-05-18T09:06:06Z,92
@JataraCaLchAr0,Itzy needs to be popular and top charts again,2026-05-19T01:13:33Z,564
@ゆな-258,今年の夏も最高の夏になるね！たくさん聞くよ〜！！！,2026-05-18T09:01:05Z,188
@rw_jk22,ITZYの進化がMottoみたくなってきたいい曲🥹,2026-05-26T14:19:38Z,5
@MaKaylaJohnson31008,"Motto is such a beautiful song, it might actually be my favorite itzy song",2026-05-19T20:59:44Z,294
@dyfltk,"ITZYって毎回自信をくれる感じする
見てるだけで元気出る!!",2026-05-18T09:05:43Z,257
@내피는음율,"전체화면으로 보면, 빈틈없이 화면이 꽉 차서 애들을 볼 수 있어 너무 좋네ㅠㅠ
노래도 좋구 뮤비도 좋구… 좋다 좋아, 칭찬해!",2026-05-18T10:03:00Z,201
@m_arkyonmy,Let's hurry up and strem fast and non-stop to the max midzy 20M asap y'all..,2026-05-25T13:07:38Z,8
@shoujont,thank you itzy for saving kpop once again,2026-05-18T18:08:49Z,107
@xueueux,"12 million push by MIDZY, what a dedication! 🩶💚🩵💛🩷 👑 ITZY",2026-05-24T02:31:20Z,102
@Rubyyniniqrodem,"I’ve been waiting for ITZY’s comeback for a long time. I was so happy when 'That's A No No' became a hit, and I hope 'Motto' becomes a hit too. It gives total nostalgic K-pop vibes and it’s such a bop. Their energy is still unmatched. Let’s support them, Midzys! 💖",2026-05-18T14:25:18Z,80
@HankLyu,這次是真的好聽❤,2026-05-25T16:29:52Z,7
@coneyco_yang,노래랑 안무 시원시원하게 잘 뽑았다 크으 제왑 진짜 요즘 폼 미쳤는데??,2026-05-18T10:11:41Z,294
@목욕탕-n1d,뮤비 미감 너무 너무다… 이번 컴백 곡도 너무 좋고 컨셉도 너무 좋음ㅠㅠㅠㅠ,2026-05-18T11:38:50Z,196
@ikkari_,"I CRIED SO MUCH GIRLS ToT... 
this new era is incredible
love the song and the mv is absolutely art <3",2026-05-18T16:54:53Z,77
@rkgurjar8447,Real midzys all time support Itzy sad time and good time . 2019-2021 all midzy are not real midzy because they never support itzy in sad time after sneakers release 😔😔😔😔😔😔,2026-05-25T15:48:12Z,18
@NOZES123,"Itzy I will always love your songs, you're all phenomenal artists. No matter how long, I will always be a Midzy, even in my next life.",2026-05-20T15:13:57Z,201
@ryujiie.ৎ,Their visuals are incredible! The music video concept is so beautiful! 😭🫶🏽,2026-05-20T11:03:07Z,207
@신유나신유팬,처음에 뮤비배경들 미니어처로 나오는거 너무 감동적임,2026-05-18T09:15:51Z,96
@itzyryujinnie,THEY HAVE WORKED SO HARD PLEASE KEEP SUPPORTING OUR QUEENS,2026-05-26T13:46:42Z,5
@rux.ru1ss,"ONE OF THE BEST SONGS THIS YEAR, ITZY YOU HAVE NEVER EVER FAILED TO DELIVER!!!!",2026-05-18T13:31:15Z,350
@백지혜-p3y,"있지에게 잘 맞는 좋은 곡이 나온 것 같아요! 이번에 정말로 음원차트며 음방이며 다 올킬해버리면 좋겠어요!
있지를 진심으로 응원합니다:)",2026-05-18T13:37:49Z,146
@albertalviz9607,This is what Kpop sounds like. Thank you Itzy for bringing back the sound that we all fell in love with. ❤️❤️❤️❤️,2026-05-23T03:42:00Z,74
@sugarrushr1de,i only stan txt but this song is literally PEAK,2026-05-27T09:54:16Z,8
@Snmm_18,"ITZY are already successful and doing just fine but things would be even better if people stopped letting pointless hate blind them, at the end of the day they’re just missing out on genuinely good music.",2026-05-19T01:29:44Z,378
@itziconic_finalver,"Now that we reached 10M, let's continue midzys! let's strive for 20M :)",2026-05-22T13:11:54Z,259
@MABY-p8d,"曲が最高なだけじゃなくて、サビもちゃんと言葉があったし、3回サビもあって、尚且つ曲が3分ある。
もうこれITZY様の女王帰還確定案件でしょ❣️",2026-05-18T10:40:21Z,193
@Leticia-tq6me,HAPPY  BIRTHDAY YEJIIIII,2026-05-27T11:37:59Z,5
@ばにらあいす-c5y,앞으로 있지가 걷는 길이 빛으로 가득하길,2026-05-19T08:09:38Z,79
@itzy_ryu,MOTTO爽やかですっと耳に入ってくる！！itzy大好き！,2026-05-18T11:29:23Z,119
@billieknowles00,"노래 너무 좋아요, ITZY는 정말 우리 마음을 사로잡는 방법을 잘 아네요. 이번 활동이 정말 최고예요.",2026-05-18T09:03:45Z,254
@DilemmaDreamer,We lost the music bank pre vote. I’m sorry we failed you ITZY.,2026-05-27T09:03:26Z,7
@Malak-jj8mz,"This made me tear up, they're back despite so many hardships and this song is so beautiful and refreshing ! Itzy keeps moving forward with such amazing energy !!!",2026-05-18T19:55:58Z,246
@ryu.x_x,3세대 맛 나고 3분대고 브릿지 성녀파트 있고 사이다고음까지 다 있는 노래 요새 진짜 흔치 않은데 모토 이거된다......,2026-05-18T11:19:51Z,141
@angelangelynnnn,"MIDZYs are writing to express deep concern over the insufficient marketing and promotional support for ITZY. Despite the members' immense talent, the current strategy is limiting their global growth. We urge JYPE to give ITZY ads for this mv like Tunnel Vision, to increase ITZY's chance of gaining a music show win.",2026-05-22T05:09:22Z,159
@sigure.inspiration,Buy ads. The company must buy ads!,2026-05-27T06:59:55Z,7
@mrq1245,있지(ITZY) 항상 꽃길만 걷길 바랍니다. 🌸,2026-05-18T09:01:27Z,164
@pluvio4141,This is one of their best comebacks in my opinion! I absolutely love it so much and can’t wait to see them performing it on music shows!! Really hope we can give them a win this comeback too! They deserve the world,2026-05-19T05:47:43Z,276
@kenzydigger,最高の夏にITZYとMottoがしてくれる気がしてきた！,2026-05-18T12:38:23Z,93
@hellodil_lyn,I like lia's styling in this era,2026-05-27T07:36:07Z,6
@mrq1245,이번엔 있지! 더 ~ 잘됐으면 좋겠습니다. 있지 항상 파이팅!!!!!,2026-05-18T09:02:27Z,118
@ilionnq,THIS IS SO GOOD??? Itzy coming to save the industry once again,2026-05-18T22:38:16Z,76
@Kai_._1310,imagine survived the hatetrain so hard that you now build an enforcement and need no crown to prove yourself,2026-05-18T17:17:16Z,224
@Chaerylegend,Views just sometimes collectively come back in a day so keep str3aming,2026-05-27T13:07:26Z,7
@idk_who0123,finally yuna had a rap verse 🥺,2026-05-19T03:15:15Z,100
@김예인-p8l,이번곡 너무 잘 뽑았다 생각했던 것보다도 더 좋음 하이퍼리얼리즘동화청량있지 가보자고!!!!!,2026-05-18T09:59:32Z,256
@NavyberryJam,"麗しい。
なんとなく、繊細なImaginary Friendの気品が陽に転じた姿にも思えてきて、尚更ずっと聴いていたいです。
それにしても、この一時期の洋楽テイストほんと似合う！",2026-05-18T13:27:35Z,186
@m_arkyonmy,Let's hurry up and strem fast and non-stop to the max midzy 20M asap y'all...,2026-05-25T11:23:55Z,8
@Bunsenburner697,MOTTO is cleansing my ears from all the tiktok-sounding K-pop songs that have been released this year,2026-05-20T13:28:44Z,131
@enzylit258,"I love how itzy never follow trends, they stick to their sound.",2026-05-18T16:07:37Z,213
@kr-823,엔믹스도 그렇고 요즘 컴백한 걸그룹들 중에서 제와삐 걸그룹들이 노래 젤 잘 뽑힌듯,2026-05-18T11:00:11Z,74
@Monsterfanspot,I'm not a midzy but this song is fire😭💓,2026-05-26T11:27:05Z,7
@blacktothepink5337,this concept of itzy is so refreshing,2026-05-19T22:50:25Z,120
@Jadeevlogs,A song that's over 2 minutes and has bridges? Welcome back itzy,2026-05-18T12:11:32Z,88
@amirshahi8604,this is such a good song. i hope this song gets its flowers at least. tunnel vision was also such a bop but underrated asf.,2026-05-18T17:37:54Z,227
@1airair1_0air.itzyqueen,midzy please let's 15m 😞💔,2026-05-27T07:33:10Z,6
@Leesso-p8x,Itzy getting better and better. I love this comeback so much. Itzy queens. I wanna say they're good at every concept.,2026-05-18T09:02:25Z,105
@lluiowl,THIS IS THE REAL KPOP,2026-05-18T14:29:11Z,102
@zeerose8205,"Wow… Motto feels like the culmination of a long-awaited moments for ITZY & MIDZY. I knew this was going to be a hit since the teaser but actually watching the MV is so surreal because it really feels like this is something ITZY wanted to bad, to finally get the recognition from their work, their hard work, and that dream has finally come to fruition. I’m so happy for them! Here’s to more hits! Itzy fighting! Welcome back 🙌🏼",2026-05-18T18:05:56Z,97
@frances0799,Happy birthday yeji the prettiest and most talented woman alive,2026-05-25T16:23:10Z,7
@lavinia02Z,JYPE groups coming to save kpop this year… ITZY you have done it again,2026-05-18T22:10:54Z,322
@celestseaah,SO GRATEFUL FOR CHAERYEONG AND YUNA FOR PITCHING MOTTO TO BE THEIR TITLE TRACK,2026-05-18T09:12:15Z,674
@LeeSocks,"ITZY's concept is honestly one of the most unique concepts in K-pop! This group never disappoints, I love you ITZY! ❤️‍🩹💫",2026-05-18T13:13:27Z,188
@m_arkyonmy,Let's hurry up and strem fast and non-stop to the max midzy 20M asap y'all....,2026-05-26T12:47:46Z,6
@jihaaaaaaaan,This song is a gem why isn't it VIRAL YET?? OMGGG 😭😭😭💖,2026-05-20T00:32:31Z,268
@Chanseong2system,드라이브할때 듣기 좋은 음악같아요 😌,2026-05-19T03:49:14Z,98
@bobbyhsieh9700,"Finally a song that suited for Itzy , Damn JYP its about time",2026-05-18T14:07:46Z,337
@Jay.swizzle,Queens are GOAT status at this point. Never disappointed. 💕,2026-05-27T01:42:50Z,5
@capncrunch2338,This immediately had me hooked! Such a great sound and vibe for Itzy. The verses and chorus are so good. I’m so impressed with it all!,2026-05-18T09:09:27Z,1553
@rayhuang1512,ITZY is saving KPOP,2026-05-19T03:14:46Z,78
@j_maman,댓글창 가득  채운 해외 팬들 넘 감사...집  나간 국내팬들도 어서 어서 돌아오길~,2026-05-18T20:03:59Z,190
@Bluepinn,"*It’s the last hour MIDZYs*
*STANDBY*
*Drop the hearts within the last 5-10 mins!*

Drop 30% of the heart tonight to lessen the gap for last day tomorrow",2026-05-26T14:14:27Z,6
@cm-ev3sf,曲もビジュも良すぎる！！！ITZYは毎回最高を超えてくるほんとに大好き,2026-05-18T09:04:04Z,110
@yun_1ili,This song deserves more recognition than this.,2026-05-20T21:14:35Z,96
@SHR-x8x,onceですが、itzyのことが好きで1位取ってもらいたいので、たくさん曲聞きます‼️itzy、midzyがんばれ🎉,2026-05-18T15:31:38Z,95
@Kpopanyedits,New era looking good,2026-05-26T19:31:40Z,5
@SeoulsSilentSpring,ITZY + SONG + VISUAL + VOICE + RAP + DANCIN = PERFECTION ❤️‍🔥❤️‍🔥,2026-05-18T09:00:33Z,926
@vandang5470,"5 vocal, 5 dancer, 5 QUEENS !",2026-05-18T09:04:15Z,108
@capncrunch2338,"I really am always so impressed by Itzy’s range. From Dalla Dalla, to Not Shy, to Cheshire, Boys Like You, to Cake, Algorhythm, Gold, to this. So many different approaches but still keeping the same heart.",2026-05-18T09:20:53Z,630
@Julia_vitoria.011,Itzy is always serving art!!,2026-05-27T08:29:51Z,4
@maribie3115,A MASTERPIECE!!! the mv so beuatiful and the song so emotinal! the girls are perfecttt,2026-05-18T15:32:14Z,144
@TheHumanPhobic,This is THE ITZY song... this was honestly so good,2026-05-18T15:14:19Z,106
@Mitsuki-q9p,the explosive chorus at the end would go wild live on stage,2026-05-18T13:00:23Z,178
@keditsyoutube,Oh itzy you are so incredibly loved,2026-05-26T16:01:45Z,6
@rofan7973,오 이번곡 좋다 노래도 안무도 시원시원하고 비주얼도 청량해서 좋은듯,2026-05-19T06:48:22Z,108
@goddddness361,너무 좋아서 눈물날 것 같아ㅠㅠ 있지 사랑해ㅠㅠㅠㅠㅠㅠ,2026-05-18T09:56:41Z,119
@jhinchristianrealuyoiv2911,"Itzy is finally back, you read it right. THEY'RE FINALLY BACK!!!",2026-05-18T14:13:26Z,208
@rickymickey3505,"BREAKING NEWS!!!

Motto has finally reached 100 Million Stre4ms in My House! Congratulations Itzy!",2026-05-25T06:07:04Z,7
@Angel_N.777,"아눈ㄴ물나..컴백해줘서감사합니다
이번뮤비진짜잘뽑혔다...",2026-05-19T00:57:56Z,96
@213._s,the vocals in this song are absolutely crazy. Itzy fighting !!,2026-05-18T10:26:28Z,216
@Letsgo_NMIXX,"One of ITZY's best title tracks. The melody line is so good, smooth and chorus is catchy and addictive.",2026-05-18T11:55:22Z,154
@りこりこ-s5b,微力ですが投票いってきました！,2026-05-26T23:55:56Z,6
@user-rt9cn6nz2l,뮤비가 뭔가 동화같은 느낌 나고 너무 예쁜데? 좋다,2026-05-18T09:06:15Z,255
@frances0799,We added 2.2 million yesterday! Good job Midzy more to come today,2026-05-23T03:22:51Z,109
@vickym.577,"The song, the mv, the visuals, the voices... OMG ITZY ATE AND LEFT NO CRUMBS!",2026-05-18T13:54:26Z,132
@samanthakim5035,*PLEASE MIDZYs give your every bits of heart to at least close the gap!*,2026-05-26T10:45:20Z,6
@ゆな-258,1秒1秒が好きすぎてびっくりして震えてる…絶対1位取ろうね！！,2026-05-18T09:03:55Z,191
@imnrj17,수많은 독특한 노래들이 찬양받는데 이런 멋진 곡이 제대로 평가받지 못한다면 대중의 귀가 썩은 거라고 생각함… 다들 정신 차려라 이게 바로 케이팝이다,2026-05-20T04:02:19Z,71
@txxcnt26-n5i,"JYP 요즘 각성했나? 엔믹스도 그렇고 이번 있지 노래도 되게 좋네 
엔써지만 있지도 항상 잘 되길 응원함
화이팅!!",2026-05-18T09:29:19Z,372
@chaer.know_lee,"300k likes, 13 million, let's go midzys keep going",2026-05-26T06:34:22Z,6
@leg2007,that final chorus is BEAUTIFUL,2026-05-18T09:03:45Z,394
@우와우-h7l,진짜 시원하다 너무 조음ㅜㅜ 엔썬데 있지도 잘됐으면 좋겠어요 다들 화이팅!!,2026-05-18T13:18:33Z,109
@gekoro-v6u,"we love you itzy.
thank you for giving this masterpiece.
love greatly .. fighting for you",2026-05-19T02:19:25Z,271
@idA_foof,"It's been so long since I fell in love with a kpop track. And of course it had to come from my og favs. Thank you, ITZY ❤",2026-05-27T04:37:05Z,6
@김예인-p8l,이번 년도에 나온 노래 중 단연코 최고라고 할 수 있을듯 한국어 가사도 많고 자주 듣기도 좋고 메세지도 모토를 전한다는 게 넘 몽글몽글하게 함 있지 가자아아,2026-05-18T09:52:23Z,363
@코로로코코,이거 대박이다 진짜 처음부터 끝까지 좋네 ㄱ왠일이냐 있지 노래 드디어 잘뽑았네 제발 이렇게 뽑아라 ㅠ 무조건 뜰듯 그럼,2026-05-19T02:17:50Z,98
@idekmannn_1,we're 3rd place rn on mnet plus in pre voting. its crazy how most of yall dont put any effort. half of midzys commenting just ignore voting,2026-05-23T08:44:27Z,143
@박성욱-q5k,"배경화면 신유나로 바꿈
있지 이번컴백때 유재석님 예능에서 꼭 보고싶어요 있지 유퀴즈온더블럭 놀면뭐하니 런닝맨 핑계고 중 하나라도 꼭 홍보나왔으면 좋겠어요 
런닝맨 핑계고 출연 존버합니다",2026-05-25T14:41:47Z,7
@BLINK__MONSTIEZ__MY-74,"ITZY never misses. ""*you guided me, lifted me up*""- this line healed me 🥺✨️ MIDZY forever 💛🖤",2026-05-19T09:47:13Z,89
@odariio,that opening scenes with refferences to the other eras n the chorus that reminds of secret story of the swan... that's perfect!!,2026-05-18T10:13:25Z,177
@bern2540,I hadn't seen any promo for this but I'm so happy it came on my feed!! THE SONG IS SO GOOD!!,2026-05-19T01:42:07Z,171
@r4inryu,Happy birthday to our leader YEJI!! 🩷,2026-05-25T16:10:53Z,8
@김예인-p8l,ㄹㅇ 이거 안 뜨면 케이팝 문제있음 motto 개띵곡이다 성공했다,2026-05-18T09:43:51Z,107
@나비날다-w5l,있지는 밝은 노래가 어울리는데 딱 어울리는 노래로 컴백했네,2026-05-18T15:23:28Z,65
@abbipookss,never known much about itzy but im starting to stan right this second. thank you itzy for bringing back the kpop we all need,2026-05-18T17:08:25Z,100
@BeYourself05,"ITZY never disappoints me, every song they release I always love it",2026-05-26T10:29:44Z,5
@Dyeongging,"있지 이번에 뜬다.
여름에 들을 노래 생겨서 기쁜 사람 개추ㄱ",2026-05-18T09:29:19Z,238
@Tomi3yejixx,itzy just saved summer,2026-05-18T12:02:51Z,120
@しあだもちもっち,"絵本の中にいるみたいで本当にかわいい😭💘
夏にぴったりな曲で今年の夏はMotto一択☀️",2026-05-18T09:28:38Z,131
@ARYANKATOCH.,LEGENDARY,2026-05-25T18:13:50Z,8
@송찌,"후렴으로 갈수록 벅차오르는 기분
청량 있지 모토 레츠고➰🥹🩵",2026-05-18T09:23:00Z,118
@jijijikookkookkookjijikook,let's bring ITZY back to its golden age,2026-05-19T23:11:26Z,84
@Sharimar-Do,This mv is so colourful and I really love their visual,2026-05-18T09:47:36Z,179
@patriciaoliveros1482,keep on str3xming midzy's don't be discouraged of what the result of the Pre-Vote fighting!!!!!,2026-05-27T07:44:10Z,5
@vbt678,dont know why this itzy song was recommended to me...amazing first impression,2026-05-18T20:55:54Z,112
@byulie7919,"The art, the rawness, the visual, the meaning, the songgg???? Everything is the definition of PERFECTION!",2026-05-18T09:10:59Z,158
@Lichaerry_official,ITZY IS BACK TO SAVE KPOP IN THESE DARK TIMES,2026-05-18T09:04:26Z,173
@m_arkyonmy,20M asap y'all..,2026-05-27T05:09:45Z,5
@Lum-z7w,It's so rewarding to see ITZY releasing good music so consistently.,2026-05-18T09:00:59Z,249
@cecilia7608,queens arrived at their castle I'm crying,2026-05-18T09:39:26Z,80
@reshbiza,I thought i’m over kpop then itzy pull up with this.. now i’m back in full delulu and everything,2026-05-18T09:43:41Z,168
@Anna-k7c6o,"너무 아름다워요, 우리 사랑하는 ITZY의 성공을 기원합니다🩷",2026-05-26T06:38:12Z,5
@kiro_O,ITZY IS BACK WITH ANOTHER BANGER OMGGGG MOTTO IS SO GOODDDDD,2026-05-18T09:01:11Z,75
@leviousar,"10M views in 48H. LET'S DO IT FOR ITZY, GUYSSSS!!!!!",2026-05-19T11:39:14Z,271
@bhengec4837,"This is really good, literally a KPop song. One of the best KPop song this year. I love ITZY",2026-05-19T04:48:54Z,137
@JadyMarky,20M and 400K thumb up y'all. Let's hurry up and strem fast and non-stop to the max midzy. Strem Properly to the max...,2026-05-27T07:43:25Z,6
@Shadowbug_editz,ITZY MAKING HISTORY AGAIN!🎀🫶🏻,2026-05-18T09:01:19Z,279
@suikqaa3452,ITZY IS SAVING KPOP ONCE AGAIN,2026-05-18T09:00:30Z,395
@Cream_K4naf-128,How many international fans are here to support ITZY?? ✋🏻,2026-05-18T09:00:11Z,1236
@justw1ce,Please give them a winnn midzy,2026-05-26T10:43:03Z,6
@user-oh4nb6vl5b,"曲もMVもめちゃくちゃクオリティ高すぎる、、、！！！🥹❤️
これまでになかった幻想的なコンセプトで素敵❣️",2026-05-18T09:04:53Z,135
@ThiandyLucky,itzy saved the music industry as always,2026-05-19T12:08:38Z,89
@ellagarrison6783,I hope this song become more and more of a hit. Itzy deserves it. I’ve been listening to them since high school and this song is so catchy. They better snatch a win with this one! ❤,2026-05-19T14:17:13Z,105
@اونلي-كاندي,"Happy birthday, Yeji!🎂And truly, you have excelled in this return.",2026-05-26T15:26:59Z,5
@heyy9737,Guys at least 5 million in 24 hours plz...,2026-05-18T19:43:28Z,67
@Hades_Tech_Mel,ITZY’s best comeback so far!,2026-05-18T09:00:56Z,852
@mrq1245,있지(ITZY) 응원하고 사랑하는 사람 모두 손! ✋️,2026-05-18T09:00:35Z,141
@MaKaylaJohnson31008,Thank you itzy for releasing motto,2026-05-27T04:39:32Z,4
@mango3263,근 일주일동안 이것만 기다렸다면 믿어줄래...?,2026-05-18T12:18:31Z,89
@Romy_2708,"I'm so proud of my girls, following them since the beginning really gives a different taste to this comeback, I genuinely felt like crying when the last chorus hit❤",2026-05-18T21:47:42Z,84
@jahcullen9944,NMIXX's Heavy Serenade to ITZY'S Motto is definitely one of the best succeeding releases that I've heard from the same company.,2026-05-18T12:48:00Z,86
@merla692,Only a few hours left to \/ot3 for them on Fancast. Please gather as many blue hearts as you can and \/0t3!!,2026-05-26T18:56:57Z,6
@y3ahlaura,0:58 I will have this in my head the whole day,2026-05-18T09:04:34Z,259
@keditsyoutube,"The MV has now risen on the USA YT trending music chart, it is now #27!",2026-05-20T15:50:21Z,116
@서울믿지_SEOUL_MIDZY,이번 여름 k팝을 구할 노래는 모토인가,2026-05-18T09:00:44Z,68
@AracelisAtencio-m9k,"소속사 덕분에 ITZY의 예전 콘셉트가 돌아왔고, ITZY는 멋진 새 콘셉트를 갖게 되었습니다.",2026-05-26T21:34:05Z,4
@탁월함-w3d,"여름에 딱이다
해파리 수조 위에 앉은 류진 강렬하다😂",2026-05-18T11:47:52Z,72
@BeatsofAttraction,ITZY be better winning than WDA. I hope ITZY gets their 4th gen girl group leader crown back,2026-05-18T15:09:01Z,110
@Rosiews_1997,MY MOTTO IS ITZYYYYY!!!!,2026-05-18T09:16:22Z,71
@EmilyChiang,Keep streaming Midzyyy,2026-05-27T13:01:40Z,6
@Chaerylegend,"ITZY’s “Motto” has officially entered Melon Real Time at midnight KST, debuting at #94.

This marks ITZY’s first midnight KST entry on Melon Real Time since the release of “CAKE” in 2023.",2026-05-18T16:31:19Z,93
@angelonthewallsof_versailles,It feels like a fever dream that u don't want to be awake. I'm obsessed!!!,2026-05-18T09:07:44Z,134
@Isahdaminji,2:41 THIS VOICE STRONGER... OMG YEJIIIIII!!!!!!!!🛐🛐🛐🛐🛐🛐,2026-05-18T09:27:30Z,205
@ItsMimisRoom,"As vezes eu fico feliz de simplesmente poder apreciar uma musica gostosinha. As vezes é sobre ver uma performance na qual as idols parecem felizes de estarem no palco, dançando e cantando, as vezes é sobre apreciar o ITZY independentemente de charts, ou views",2026-05-27T06:06:00Z,5
@Chaerylegend,"In less than 30 minutes ITZY’s ‘Motto’ has amassed more than 3 thousand likes on Melon.

Surpassing ‘SNEAKERS’ the track has officially become their #1 fastest track to reach this milestone.",2026-05-18T09:54:26Z,192
@Cheeky-Kitty_cat,Every midzy's motto is itzy's comeback to be successful and wins on music shows,2026-05-18T09:17:50Z,106
@jisuuu-d7r,2:20 UNEXPECTED PARTTT BUTT I LOVE ITTTT,2026-05-18T09:03:28Z,180
@JurelmaCebola-z9e1g,Thi's Song is so Goooood!!! And All members are so beautiful !!!,2026-05-27T05:51:54Z,5
@BTSFOREVER-hz5lk,"5 queens
5 vocalits
5 dancers
5 visuals
all the support ❤😢",2026-05-18T09:06:36Z,80
@marianaayala1291,"Nmixx and itzy made comebacks Kpop is so back
4th gen ggs are TOO underrated its the biggest heist in history",2026-05-19T23:11:12Z,72
@takemetokiof,JYP IS EATING THIS YEAR! STARTED OFF WITH NMIXX'S POWER BALLAD AND NOW ITZY'S POP ANTHEM!! I'M READY FOR TWICE!,2026-05-18T12:37:39Z,77
@45fedi,FANCAST!!! VOTE!!!!!,2026-05-26T17:20:43Z,5
@syakilaalya97,"THIS ALBUM IS SO PERFECT!
ITZY! MIDZY! LET'S FLY!",2026-05-18T09:29:17Z,164
@anthonygaming08,"OMG the way they put altogether scenes from different music videos... Absolute peak

I’m actually crying how they did that ❤ ITZY is my Motto",2026-05-18T09:10:41Z,89
@chaerryskies,Lets promote this song as much as our girls deserve it for their hard work!!!,2026-05-18T10:34:49Z,99
@LeviRodrigues.Official,This part of YUNA is sooo insane!!,2026-05-27T03:45:27Z,4
@daydreamhero1374,"I'm callin it, itzy gonna win shows with this track 😊",2026-05-18T10:27:27Z,68
@Ore.mattei,MIDZY LET'S GET THAT 4MILLION!,2026-05-19T02:44:42Z,140
@chinobautista1508,3:13 WE ARE YOUR MOTTO!! ❤,2026-05-18T09:32:45Z,89
@WatchOutForDropBear,Vote in fancast for Musicbank prevote ep.1294 guys,2026-05-26T08:21:27Z,7
@raeee_01,LET'S GIVE OUR GIRLS A WIN FOR THIS COMEBACK!!,2026-05-18T13:27:25Z,68
@IMFANRYEJI,1:51 omggggg !!,2026-05-18T09:02:05Z,139
@rakhimov_r,1:26 How I like this part of Yuna😮‍💨,2026-05-18T09:15:49Z,216
@TonyPho1,Happy Birthday twenty 6/7 birthday to Yeji! I'll start streaming the musicbank video for now to help ITZY get a win on musicbank. That would be a gift that JYPE can't deny ITZY :),2026-05-26T00:25:22Z,7
@fried_rice21,"Motto by Itzy isn't just a song, its a feeling, it's a lifestyle.",2026-05-18T09:41:45Z,90
@MYITZY,Let’s try to get to 5-6M in the first 24hrs!,2026-05-18T19:14:58Z,91
@IMFANRYEJI,3:06 the breakdance !!,2026-05-18T09:44:26Z,171
@SarahNami,13 Million let's go !!!!,2026-05-25T17:14:07Z,8
@cyberloved,ONCEs here to support 4th gen queens ITZY 👑🩷,2026-05-18T09:01:13Z,148
@BRRITSCOOKED,0:15 the visuals 😌🌧️,2026-05-18T09:18:53Z,133
@GlowzxEntertainment_.ৎ,How many International Midzys are here to support itzys newcomeback!!?🤚,2026-05-18T09:00:51Z,115
@blink_coer_allyz,Only 13M for ts masterpiece ?,2026-05-26T15:46:16Z,6
@ivenamedmyselfblueblood,0:04 The reference to their past Music Videos :0 Oh my god,2026-05-18T09:06:00Z,69
@aesp4_wnkg4,LET'S GO 50M🎉,2026-05-27T02:02:06Z,6
@Ore.mattei,"30K comments, 300K likes! We can do this Midzy, don't stop! All for ITZY💙",2026-05-25T04:39:27Z,5
@internet_girl_0801,"ITZY BACK TO SAVE KPOP‼️ okay, midzy, we reached 10M but we CAN'T get lazy now. KEEP STREAMING 🔥 on Spotify too, please and thank you? 🥹 the girls worked so hard Let's make it worth their while 💍",2026-05-25T19:18:54Z,6
@JadyMarky,@JYPEntertainment let's hurry up and strem fast and non-stop to the max midzy...,2026-05-27T07:44:35Z,4
@shennamaevalle4229,let's vote for them on fancast,2026-05-26T06:52:55Z,5
@ayraqaiser2984,"Itzy saving kpop
Honestly I kinda felt sentimental listening to this because it reminds me of the old times when K-pop didn’t used to sound so westernised 
Let’s win at all the music shows this time!",2026-05-27T05:45:36Z,5
@jeniferaliciahernandezfimb6353,💛MIDZY NOS FALTA POCO PARA LOS 13 MILLONES NOSOTROS PODEMOS 💛,2026-05-26T01:46:28Z,5
@fathiyya.han112,Please keep streaming 🙏🏻🙏🏻🙏🏻🙏🏻🙏🏻🙏🏻,2026-05-25T12:13:06Z,16
@ruoirkl,なんて言えばいいかわからんけどアップテンポやのにどこか切なさも感じる好きな系統でしかなくて一生聴いてる,2026-05-27T14:06:05Z,3
@k-popularity,"Just got here after noticing that they didn't do a crown pose at the end of this song. Also, I saw a video of Ryujin saying on a live that it's the end of that era.",2026-05-26T12:37:25Z,6
@thanos7372,Ok now that we've finished losing our minds over that fuckass Fancast vote let's get this to 15m ASAP,2026-05-27T08:37:05Z,5
@Eu_jinnie,"Enfin, un comeback de girl group que j'aime en ce moment !",2026-05-26T11:35:25Z,4
@aylar_24,You're really saving kpop,2026-05-27T09:11:45Z,4
@Eloiseheartzzz,Midzy keeps watching the MV and live stages. ❤,2026-05-27T05:34:12Z,4
@verthoras,Lia's visuals at the beginning fireeeeeeeeeeee,2026-05-25T16:01:05Z,5
@k-kupcake5664,"Seriously thank you to all the STAYS, ONCES, BLINKS, ARMIES, NEVERLANDS, MYS, ENGENES and every single fandom stre@ming this with us and supporting ITZY!",2026-05-25T05:34:57Z,6
@lal_suzie,Why only 12 mln? 😢 MIDZY PLS WAKE UP,2026-05-25T16:05:50Z,6
@Chaerylegend,Midzys we are falling behind on the Music Bank Pre-vote we need to vote and take the #1 and win the Pre-voting with a huge gap,2026-05-26T09:21:08Z,6
@Multi-stan29,Let's hurry up and strem fast and non-stop to the max midzy 20M and non-stop to the max,2026-05-25T22:05:59Z,6
@rkgurjar8447,My wish is itzy gained old popularity ❤❤❤❤,2026-05-27T04:42:28Z,4
@白-d9t1z,ITZYの時代かえってきたぞ,2026-05-26T12:46:21Z,3
@shennzxa,watch ads and collects so much hearts on fancast and later vote for them,2026-05-26T15:20:11Z,7
@midzymary,LET'S GO 15M !!,2026-05-26T18:00:31Z,6
@r4inryu,MIDZY LETS HIT 14 M WITHIN TODAYYY,2026-05-27T04:53:17Z,4
@Rockream,와~ 이번 앨범 완전 짱이네요!! 타이틀 미쳤어요!! 이런 시티팝스러운 곡 찰떡이네요!! 너무 좋습니다. motto랑 리믹스앨범 무한 반복중이에요.,2026-05-25T08:34:50Z,5
@すいそすい-l2v,2:41 ここの盛り上がり方が大好きすぎて、気づいたら自認イェジちゃんになってる。,2026-05-25T11:03:20Z,4
@ENDEEZ_0,"Idgaf about those forced haters that say it's boring, I mean everyone has a different taste in music but we've been like this for 3 years..they tried all concept and those forced haters didn't like any, like what are they on? What exactly do they want, I mean this is so good",2026-05-26T09:08:05Z,5
@smile-o8q9x,"一位取れるかなあ
サイコーな曲だから
今、どんな感じなんだろー",2026-05-27T11:35:10Z,4
@yinandyangandinbetween8159,ITZY says…let’s produce a hit for our fans….and here it is in 2026….,2026-05-25T14:27:26Z,5
@kristofkahhhhhh,I havent been listening to kpop for a while but damn this is goooodd,2026-05-26T12:17:32Z,7
@ミ-MI-3,大好きだよ〜💖,2026-05-27T05:05:05Z,4
@khpa9656,"曲もMVもスタイリングも全部センスいい！！
世界観好きだわぁー",2026-05-25T13:59:15Z,3
@angelicannaa,"Welcome back, old K-pop!",2026-05-25T16:31:07Z,5
@ばにらあいす-c5y,ITZY 덕분에 오늘도 시원해,2026-05-25T05:45:09Z,4
@chaer.know_lee,Midzy don't forget to vote for itzy,2026-05-26T13:40:48Z,5
@binnie5557,Midzy dont give up!!!♡,2026-05-27T07:44:49Z,5
@shaiiz,cmon midzy we need to hit 20M by this week,2026-05-25T22:03:55Z,4
@GaaraFan01,I love this song so much and the MV is so unique!!,2026-05-25T15:04:32Z,6
@cheshire-l3x,"while streming, i noticed that There are no ads",2026-05-26T19:25:53Z,5
@syi15,This song reflects how much they’ve grown.,2026-05-26T13:22:19Z,3
@Nana-wv4mh,Please get music show wins 🙏🏻🙏🏻🙏🏻,2026-05-26T17:47:25Z,7
@Kmilan_15,YOU ARE MY MOTTO,2026-05-25T16:31:59Z,6
@Ore.mattei,"Please vote ITZY in f@nc@st, we are losing😭",2026-05-27T00:24:59Z,6
@Lepaaysl,"kalo dengar ini langsung semangat bangunnn. suka banget lagu,beatnya, makna lagunya, dancenya, conceptnya, temanya, energinya. Thank you itzy ❤",2026-05-27T12:15:57Z,4
@shaiiz,happy birthday uri leader yeji 💗,2026-05-25T21:47:38Z,4
@Juiyann,"The ""mo mo mo mo mo motto"" is addicting😭",2026-05-25T05:18:55Z,4
@رغدصوان-ز5ي,"Happy birthday to the best leader in the world! (I know I'm late, but I've been busy and haven't had time to wish you a happy birthday.)  💞💞",2026-05-26T16:04:32Z,5
@Chaerylegend,This is their best title track fr,2026-05-25T18:40:47Z,4
@IMFANRYEJI,"Midzyyyyy, vote for itzyyy a lot, please let's make them happy",2026-05-25T09:17:49Z,5
@Lepaaysl,Take me to a better place..!! 🤗🤗,2026-05-27T12:25:35Z,5
@rexMIDZY,ITZY IS MY MOTTO!!!!!,2026-05-25T12:33:18Z,5
@bangtanboys69,This might be the best song they ever released,2026-05-25T12:04:34Z,4
@ghazalksh1387,"OMG, after 3 months, finally I can see motto🎉
Fighting Itzyyyyyyy❤️‍🔥❤️‍🔥",2026-05-27T04:17:45Z,4
@val.lovesitzy,"Fanwars aside, this is the best song in 2026 with RUDE and Ice Cream",2026-05-26T21:13:39Z,4
@HwangReina,"I'm so grateful Itzy never uses ads, and the likes and views are the same. Come on, Midzy, let's keep going until we reach 20 million.❤🎉",2026-05-26T10:07:06Z,8
@heyitsmaraluna,OMG! This is really good. It suits ITZY's voice so much.,2026-05-27T08:24:33Z,3
@keditsyoutube,Let’s just keep going midzyyy,2026-05-25T14:46:01Z,5
@asteriab.havilliard2789,SOTY FOR SURE,2026-05-27T12:54:30Z,4
@KEVINCOOKIES,Let's go for those 13 million views,2026-05-25T23:43:17Z,6
@がん子ちゃん,な、な、なに？！！めちゃくちゃいい！！！！！！！ありがとうございます！！！！！！！,2026-05-27T02:13:31Z,3
@BOYARMY-Diego4o,I'm an ARMY but I came to support Itzy.,2026-05-26T03:53:43Z,4
@Chaerylegend,Let's go 15M,2026-05-27T13:06:18Z,6
@midzymary,Happy 1 week Motto🌊 !!,2026-05-25T18:04:33Z,5
@i.just.love.cats_man,"535K
LETS PUSH TO 550K",2026-05-27T13:55:12Z,4
@Ore.mattei,"It's freezing right now, but  keep strxaming cause we will have bigger jumps later when it's fixed! 💙",2026-05-25T04:59:19Z,7
@user-mu7ry2iona,MIDZY please v0te itzy in fan€at they deserve to win,2026-05-27T00:07:47Z,6
@mm-gq6vl,14M nexts,2026-05-27T12:46:19Z,5
@Robério-Boy,I'm an ARMY but I came to support the girls.,2026-05-26T10:56:47Z,9
@fru1tas,Happy 10 Million Views and Counting ITZY's 'Motto' M/V!,2026-05-27T05:19:28Z,4
@cocoaglow_01,"Props to noday for helping create this beautiful song! noday also helped make Promise, and it's such a good bside!!",2026-05-26T06:41:51Z,4
@snoowflks,"JYP please promote this comeback better, this is so good yet underrated",2026-05-27T14:40:18Z,2
@ryu33i,forever 5 ❤,2026-05-26T10:48:12Z,5
@yesnouriiy,"13.3M pls, let's go midzy pls dont stop str3aming",2026-05-26T06:57:17Z,4
@kamii6477,Can we win this week?,2026-05-25T19:16:16Z,7
@linaschmidt533,"Listening to this is like traveling back to 2012 and it makes my heart so happy, thank you Itzy <3",2026-05-25T17:59:52Z,4
@moamidzyforever,i hope we can win,2026-05-26T22:39:55Z,5
@val.lovesitzy,"the fact that we're so stable in spotify, unlike our past comebacks, that's a grow for us!",2026-05-26T21:14:26Z,5
@Jakoeoeoeiekw,Vote guysss in fancasr,2026-05-26T16:47:27Z,5
@sigure.inspiration,It's week 2 and still no ads?,2026-05-27T01:08:59Z,6
@Hyunjina_Star104,Tô viciada.....devo me preocupar?,2026-05-25T21:44:54Z,6
@SangwonsLeftGallBladder,All of the refference on their other mv's are just so amazingg,2026-05-26T02:57:54Z,3
@iamdolphinandy,Bir 20 milyon olsaydi devamini getirseydik devam edin,2026-05-26T16:40:49Z,4
@k_ilinxngl,lets get this mv at least 20 million views for itzy!!,2026-05-25T15:16:52Z,4
@Maja-q9t,i feel stupid for only realising now that the little boxes in the start are with their former mv concepts,2026-05-26T06:38:37Z,5
@Ryunnie_06,0:19 Happy Birtday YEJI unnie❤🎉🌸,2026-05-25T21:14:47Z,4
@Tenbox_id,"My motto still ""working while listen to Motto"" to focus Sales 📈",2026-05-27T08:22:12Z,3
@odkdrw,문득 느낀건데 달라달라랑 많이 닮은 느낌..? 많이 성숙해지고 요즘 감성이랑 잘 맞춘 느낌임...컴백당일에도 찾아봤지만 갑자기 귀에 꽂혀서 간만에 있지 노래 겁나 듣는 중ㅋㅋㅋㅋ노래 좋은거 많다 있지...안좋다고 악평이 많은데 그런거에 비해 실제 퀄리티는 마냥 나쁘진 않은거 같은데 CAKE 지금 들으니깐 겁나 띵곡이더라ㅋㅋㅋ노래 다 좋은거 같음,2026-05-27T12:57:44Z,5
@Ryunnie_06,Happy Yeji Day! Let's gift her 15M vi€ws on this MV for her birthday today.,2026-05-25T21:17:41Z,6
@heeliavibes,"Guys let's hurry up for 13M, we are doing a good job on Spotify",2026-05-25T19:44:00Z,7
@aesp4_wnkg4,YEJI❤❤❤🎉🎉😊,2026-05-26T09:37:54Z,5
@mschaery0506,Our gap with 1st position almos 38K guyss.. wake up v*t* fancast,2026-05-26T04:31:50Z,5
@Chaerylegend,This song is my life,2026-05-25T18:40:01Z,5
@r4inryu,They work so hard each and every comeback!! Yeji gives her 100% even with a herniated-disc. It's a shame JYPE sabotages them!!! THE DISRESPECT IS CRAZY,2026-05-25T05:58:01Z,4
@m_arkyonmy,let's hurry up and strem fast and non-stop to the max midzy 20M asap y'all....,2026-05-25T09:04:28Z,4
@hellodil_lyn,HERE TO STAY WITH ITZY,2026-05-27T14:23:44Z,2
@ariesssa,So beautiful,2026-05-26T06:30:31Z,5
@JadyMarky,"Quick streaming tip for Spotify and YouTube: The magic number is 30 seconds. Once the playback passes that 30-second threshold, it officially logs on their servers as a stream or view—even if you switch to a different track or video right after. 🚀",2026-05-27T08:54:02Z,7
@Leticia-tq6me,노래 진짜 좋다 난 왜 이제 알았지!!!,2026-05-27T11:38:21Z,4
@IMFANRYEJI,"Midzyyyyy, vote for itzyyy a lot, please let's make them happy",2026-05-27T03:32:50Z,3
@Multi-stan29,Let's hurry up and strem fast and non-stop to the max midzy 20M asap y'all....,2026-05-26T21:41:14Z,5
@m_arkyonmy,Let's hurry up and strem fast and non-stop to the max midzy 20M asap y'all....,2026-05-27T07:42:26Z,4
@MaKaylaJohnson31008,13m>>>>>,2026-05-25T17:54:15Z,6
@idekmannn_1,"we can worry abt the views later, FOCUS ON FANCAST PRE VOTE RN",2026-05-26T12:56:51Z,4
@socorrolopes259,Iconic song in ITZY's history!!!!!,2026-05-25T22:01:11Z,3
@NikhatFayiazi,Please let it reach 100 million,2026-05-25T15:37:52Z,4
@mirandat939,"wow i’m obsessed with this, itzy never disappoints",2026-05-25T05:45:04Z,3
@calebposting3299,Lately in K-pop everything’s been getting sexualized... Finally something wholesome. Nice.,2026-05-25T14:46:48Z,6
